"Refs","Value","Footprint","Voltage","CapType","Description","LCSC","MPN","Manufacturer","MPN2","Qty"
"C101","100nF","Capacitor_SMD:C_1206_3216Metric","100V","NP0","Unpolarized capacitor","","","","GRM3195C2A104JA01D","1"
"C102","100nF","Capacitor_SMD:C_1206_3216Metric","100V","NP0","Unpolarized capacitor","","","","GRM3195C2A104JA01D","1"
"C201","2.2uF","Capacitor_SMD:C_0603_1608Metric","50V","X7R","Unpolarized capacitor","","","","","1"
"C202","2.2uF","Capacitor_SMD:C_0603_1608Metric","50V","X7R","Unpolarized capacitor","","","","","1"
"C203","1uF","Capacitor_SMD:C_0402_1005Metric","25V","X5R","Unpolarized capacitor","","","","GRM155R61E105KE11D","1"
"C204","1uF","Capacitor_SMD:C_0402_1005Metric","25V","X5R","Unpolarized capacitor","","","","GRM155R61E105KE11D","1"
"C205","1uF","Capacitor_SMD:C_0402_1005Metric","25V","X5R","Unpolarized capacitor","","","","GRM155R61E105KE11D","1"
"C206","1uF","Capacitor_SMD:C_0402_1005Metric","25V","X5R","Unpolarized capacitor","","","","GRM155R61E105KE11D","1"
"C207","10uF","Capacitor_SMD:C_0603_1608Metric","25V","X7R","Unpolarized capacitor","","","","81-GXT155R71E223KE1D","1"
"C208","47uF","Capacitor_SMD:C_1206_3216Metric","25V","X5R","Unpolarized capacitor","","","","TCTAL1A107M8R-V1","1"
"C209","10uF","Capacitor_SMD:C_0603_1608Metric","25V","X7R","Unpolarized capacitor","","","","81-GXT155R71E223KE1D","1"
"C210","10uF","Capacitor_SMD:C_0603_1608Metric","25V","X7R","Unpolarized capacitor","","","","81-GXT155R71E223KE1D","1"
"C211","10uF","Capacitor_SMD:C_0603_1608Metric","25V","X7R","Unpolarized capacitor","","","","81-GXT155R71E223KE1D","1"
"C212","1uF","Capacitor_SMD:C_0402_1005Metric","25V","X5R","Unpolarized capacitor","","","","GRM155R61E105KE11D","1"
"C213","1uF","Capacitor_SMD:C_0402_1005Metric","25V","X5R","Unpolarized capacitor","","","","GRM155R61E105KE11D","1"
"C214","100nF","Capacitor_SMD:C_0603_1608Metric","50V","X7R","Unpolarized capacitor","","","","C0805F104K1RACAUTO","1"
"C215","100nF","Capacitor_SMD:C_0603_1608Metric","50V","X7R","Unpolarized capacitor","","","","C0805F104K1RACAUTO","1"
"C216","100nF","Capacitor_SMD:C_0603_1608Metric","50V","X7R","Unpolarized capacitor","","","","C0805F104K1RACAUTO","1"
"C217","100nF","Capacitor_SMD:C_0603_1608Metric","50V","X7R","Unpolarized capacitor","","","","C0805F104K1RACAUTO","1"
"C218","100nF","Capacitor_SMD:C_0603_1608Metric","50V","X7R","Unpolarized capacitor","","","","C0805F104K1RACAUTO","1"
"C219","100nF","Capacitor_SMD:C_0603_1608Metric","50V","X7R","Unpolarized capacitor","","","","C0805F104K1RACAUTO","1"
"C220","27pF","Capacitor_SMD:C_0402_1005Metric","50V","NP0","capacitor, small US symbol","","","","","1"
"C221","100nF","Capacitor_SMD:C_0603_1608Metric","50V","X7R","Unpolarized capacitor","","","","C0805F104K1RACAUTO","1"
"C222","10uF","Capacitor_SMD:C_0603_1608Metric","25V","X7R","Unpolarized capacitor","","","","81-GXT155R71E223KE1D","1"
"C223","100nF","Capacitor_SMD:C_0603_1608Metric","50V","X7R","Unpolarized capacitor","","","","C0805F104K1RACAUTO","1"
"C224","100nF","Capacitor_SMD:C_0603_1608Metric","50V","X7R","Unpolarized capacitor","","","","C0805F104K1RACAUTO","1"
"C225","4.7uF","Capacitor_SMD:C_0805_2012Metric","10V","tant","Unpolarized capacitor","","","","298D475X9010M2T","1"
"C226","27pF","Capacitor_SMD:C_0402_1005Metric","50V","NP0","capacitor, small US symbol","","","","","1"
"C227","27pF","Capacitor_SMD:C_0402_1005Metric","50V","NP0","capacitor, small US symbol","","","","","1"
"C228","27pF","Capacitor_SMD:C_0402_1005Metric","50V","NP0","capacitor, small US symbol","","","","","1"
"C229","100nF","Capacitor_SMD:C_0603_1608Metric","50V","X7R","Unpolarized capacitor","","","","C0805F104K1RACAUTO","1"
"C230","100nF","Capacitor_SMD:C_0603_1608Metric","50V","X7R","Unpolarized capacitor","","","","C0805F104K1RACAUTO","1"
"C301","2.2uF","Capacitor_Tantalum_SMD:CP_EIA-3528-21_Kemet-B","50V","tant","Unpolarized capacitor","","","","TMCP1D225MTR2F","1"
"C302","2.2uF","Capacitor_Tantalum_SMD:CP_EIA-3528-21_Kemet-B","50V","tant","Unpolarized capacitor","","","","TMCP1D225MTR2F","1"
"C303","10nF","Capacitor_SMD:C_0603_1608Metric","25V","X7R","Unpolarized capacitor","","","","GCM1885C2A103JE02J","1"
"C304","10nF","Capacitor_SMD:C_0603_1608Metric","25V","X7R","Unpolarized capacitor","","","","GCM1885C2A103JE02J","1"
"C305","2.2uF","Capacitor_Tantalum_SMD:CP_EIA-3528-21_Kemet-B","50V","tant","Unpolarized capacitor","","","","TMCP1D225MTR2F","1"
"C306","2.2uF","Capacitor_Tantalum_SMD:CP_EIA-3528-21_Kemet-B","50V","tant","Unpolarized capacitor","","","","TMCP1D225MTR2F","1"
"C307","100nF","Capacitor_SMD:C_0603_1608Metric","50V","X7R","Unpolarized capacitor","","","","C0805F104K1RACAUTO","1"
"C308","10uF","Capacitor_SMD:C_0805_2012Metric","50V","tant","Unpolarized capacitor","","","","TAJD106K050RNJ","1"
"C309","100nF","Capacitor_SMD:C_0603_1608Metric","50V","X7R","Unpolarized capacitor","","","","C0805F104K1RACAUTO","1"
"C310","4.7uF","Capacitor_SMD:C_0805_2012Metric","10V","tant","Unpolarized capacitor","","","","298D475X9010M2T","1"
"C311","100nF","Capacitor_SMD:C_0603_1608Metric","50V","X7R","Unpolarized capacitor","","","","C0805F104K1RACAUTO","1"
"C312","10uF","Capacitor_SMD:C_0805_2012Metric","50V","tant","Unpolarized capacitor","","","","TAJD106K050RNJ","1"
"C313","100nF","Capacitor_SMD:C_0603_1608Metric","50V","X7R","Unpolarized capacitor","","","","C0805F104K1RACAUTO","1"
"C314","100nF","Capacitor_SMD:C_0603_1608Metric","50V","X7R","Unpolarized capacitor","","","","C0805F104K1RACAUTO","1"
"C315","4.7uF","Capacitor_SMD:C_0805_2012Metric","10V","tant","Unpolarized capacitor","","","","298D475X9010M2T","1"
"C316","10uF","Capacitor_SMD:C_0805_2012Metric","50V","tant","Unpolarized capacitor","","","","TAJD106K050RNJ","1"
"C317","1uF","Capacitor_SMD:C_0402_1005Metric","25V","X5R","Unpolarized capacitor","","","","GRM155R61E105KE11D","1"
"C318","100nF","Capacitor_SMD:C_0603_1608Metric","50V","X7R","Unpolarized capacitor","","","","C0805F104K1RACAUTO","1"
"C319","100nF","Capacitor_SMD:C_0603_1608Metric","50V","X7R","Unpolarized capacitor","","","","C0805F104K1RACAUTO","1"
"C320","10uF","Capacitor_SMD:C_0805_2012Metric","50V","tant","Unpolarized capacitor","","","","TAJD106K050RNJ","1"
"C321","100nF","Capacitor_SMD:C_0603_1608Metric","50V","X7R","Unpolarized capacitor","","","","C0805F104K1RACAUTO","1"
"C401","100nF","Capacitor_SMD:C_1206_3216Metric","50V","NP0","Unpolarized capacitor","","","","GRM31C5C2A104JA01L","1"
"C402","10uF","Capacitor_SMD:C_0603_1608Metric","25V","X7R","Unpolarized capacitor","","","","81-GXT155R71E223KE1D","1"
"C403","100nF","Capacitor_SMD:C_0603_1608Metric","50V","X7R","Unpolarized capacitor","","","","C0805F104K1RACAUTO","1"
"C404","100nF","Capacitor_SMD:C_0603_1608Metric","50V","X7R","Unpolarized capacitor","","","","C0805F104K1RACAUTO","1"
"C405","470pF","Capacitor_SMD:C_0603_1608Metric","50V","NP0","Unpolarized capacitor","","","","KGM15ACG1H471FT","1"
"C406","470pF","Capacitor_SMD:C_0603_1608Metric","50V","NP0","Unpolarized capacitor","","","","KGM15ACG1H471FT","1"
"C407","470pF","Capacitor_SMD:C_0603_1608Metric","50V","NP0","Unpolarized capacitor","","","","KGM15ACG1H471FT","1"
"C408","470pF","Capacitor_SMD:C_0603_1608Metric","50V","NP0","Unpolarized capacitor","","","","KGM15ACG1H471FT","1"
"C501","100nF","Capacitor_SMD:C_1206_3216Metric","50V","NP0","Unpolarized capacitor","","","","GRM31C5C2A104JA01L","1"
"C502","10uF","Capacitor_SMD:C_0603_1608Metric","25V","X7R","Unpolarized capacitor","","","","81-GXT155R71E223KE1D","1"
"C503","100nF","Capacitor_SMD:C_0603_1608Metric","50V","X7R","Unpolarized capacitor","","","","C0805F104K1RACAUTO","1"
"C504","100nF","Capacitor_SMD:C_0603_1608Metric","50V","X7R","Unpolarized capacitor","","","","C0805F104K1RACAUTO","1"
"C505","470pF","Capacitor_SMD:C_0603_1608Metric","50V","NP0","Unpolarized capacitor","","","","KGM15ACG1H471FT","1"
"C506","470pF","Capacitor_SMD:C_0603_1608Metric","50V","NP0","Unpolarized capacitor","","","","KGM15ACG1H471FT","1"
"C507","470pF","Capacitor_SMD:C_0603_1608Metric","50V","NP0","Unpolarized capacitor","","","","KGM15ACG1H471FT","1"
"C508","470pF","Capacitor_SMD:C_0603_1608Metric","50V","NP0","Unpolarized capacitor","","","","KGM15ACG1H471FT","1"
"C601","100nF","Capacitor_SMD:C_1206_3216Metric","50V","NP0","Unpolarized capacitor","","","","GRM31C5C2A104JA01L","1"
"C602","10uF","Capacitor_SMD:C_0603_1608Metric","25V","X7R","Unpolarized capacitor","","","","81-GXT155R71E223KE1D","1"
"C603","100nF","Capacitor_SMD:C_0603_1608Metric","50V","X7R","Unpolarized capacitor","","","","C0805F104K1RACAUTO","1"
"C604","100nF","Capacitor_SMD:C_0603_1608Metric","50V","X7R","Unpolarized capacitor","","","","C0805F104K1RACAUTO","1"
"C605","470pF","Capacitor_SMD:C_0603_1608Metric","50V","NP0","Unpolarized capacitor","","","","KGM15ACG1H471FT","1"
"C606","470pF","Capacitor_SMD:C_0603_1608Metric","50V","NP0","Unpolarized capacitor","","","","KGM15ACG1H471FT","1"
"C607","470pF","Capacitor_SMD:C_0603_1608Metric","50V","NP0","Unpolarized capacitor","","","","KGM15ACG1H471FT","1"
"C608","470pF","Capacitor_SMD:C_0603_1608Metric","50V","NP0","Unpolarized capacitor","","","","KGM15ACG1H471FT","1"
"C701","8pF","Capacitor_SMD:C_0603_1608Metric","50V","NP0","Unpolarized capacitor","","","","CGA3E2C0G1H080D080AA","1"
"C702","16pF","Capacitor_SMD:C_0603_1608Metric","50V","NP0","Unpolarized capacitor","","","","CGA3E2C0G1H150J080AA","1"
"C703","32pF","Capacitor_SMD:C_0603_1608Metric","50V","NP0","Unpolarized capacitor","","","","CGA3E2C0G1H330J080AA","1"
"C704","68pF","Capacitor_SMD:C_0603_1608Metric","50V","NP0","Unpolarized capacitor","","","","CGA3E2C0G1H680J080AA","1"
"C705","130pF","Capacitor_SMD:C_0603_1608Metric","50V","NP0","Unpolarized capacitor","","","","CGA3E2C0G1H121J080AA","1"
"C706","240pF","Capacitor_SMD:C_0603_1608Metric","50V","NP0","Unpolarized capacitor","","","","06035A251JAT2A","1"
"C707","560pF","Capacitor_SMD:C_0603_1608Metric","50V","NP0","Unpolarized capacitor","","","","CGA3E2C0G1H561J080AA","1"
"C708","1nF","Capacitor_SMD:C_0603_1608Metric","50V","NP0","Unpolarized capacitor","","","","C1608C0G1H102J080AA","1"
"C709","2.2nF","Capacitor_SMD:C_0603_1608Metric","50V","NP0","Unpolarized capacitor","","","","CGA3E2C0G1H222J080AE","1"
"C710","3.9nF","Capacitor_SMD:C_0603_1608Metric","50V","NP0","Unpolarized capacitor","","","","CGA3E2C0G1H392J080AA","1"
"C711","3.3nF","Capacitor_SMD:C_0603_1608Metric","50V","NP0","Unpolarized capacitor","","","","CGA3E2C0G1H822J080AE","1"
"C712","4.7nF","Capacitor_SMD:C_0603_1608Metric","50V","NP0","Unpolarized capacitor","","","","CGA3E2C0G1H822J080AE","1"
"C1201","10uF","Capacitor_SMD:C_0603_1608Metric","25V","X7R","Unpolarized capacitor","","","","81-GXT155R71E223KE1D","1"
"C1202","10uF","Capacitor_SMD:C_0603_1608Metric","25V","X7R","Unpolarized capacitor","","","","81-GXT155R71E223KE1D","1"
"C1203","1uF","Capacitor_SMD:C_0402_1005Metric","25V","X5R","Unpolarized capacitor","","","","GRM155R61E105KE11D","1"
"C1204","100nF","Capacitor_SMD:C_0603_1608Metric","50V","X7R","Unpolarized capacitor","","","","C0805F104K1RACAUTO","1"
"C1205","10uF","Capacitor_SMD:C_0603_1608Metric","25V","X7R","capacitor, small US symbol","","","","81-GXT155R71E223KE1D","1"
"C1206","10uF","Capacitor_SMD:C_0603_1608Metric","25V","X7R","capacitor, small US symbol","","","","81-GXT155R71E223KE1D","1"
"C1207","10uF","Capacitor_SMD:C_0603_1608Metric","25V","X7R","Unpolarized capacitor","","","","81-GXT155R71E223KE1D","1"
"C1208","10uF","Capacitor_SMD:C_0603_1608Metric","25V","X7R","Unpolarized capacitor","","","","81-GXT155R71E223KE1D","1"
"C1209","1uF","Capacitor_SMD:C_0402_1005Metric","25V","X5R","Unpolarized capacitor","","","","GRM155R61E105KE11D","1"
"C1210","1uF","Capacitor_SMD:C_0402_1005Metric","25V","X5R","Unpolarized capacitor","","","","GRM155R61E105KE11D","1"
"C1211","220pF","Capacitor_SMD:C_0603_1608Metric","50V","NP0","Unpolarized capacitor","","","","C1608C0G1H221F080AA","1"
"C1212","1uF","Capacitor_SMD:C_0402_1005Metric","25V","X5R","Unpolarized capacitor","","","","GRM155R61E105KE11D","1"
"C1213","1uF","Capacitor_SMD:C_0402_1005Metric","25V","X5R","Unpolarized capacitor","","","","GRM155R61E105KE11D","1"
"C1214","1uF","Capacitor_SMD:C_0402_1005Metric","25V","X5R","Unpolarized capacitor","","","","GRM155R61E105KE11D","1"
"C1215","1nF","Capacitor_SMD:C_0402_1005Metric","25V","X5R","Unpolarized capacitor","","","","GRM155R61E105KE11D","1"
"C1216","1uF","Capacitor_SMD:C_0402_1005Metric","25V","X5R","Unpolarized capacitor","","","","GRM155R61E105KE11D","1"
"C1217","1uF","Capacitor_SMD:C_0402_1005Metric","25V","X5R","Unpolarized capacitor","","","","GRM155R61E105KE11D","1"
"C1218","10uF","Capacitor_SMD:C_0603_1608Metric","25V","X7R","capacitor, small US symbol","","","","81-GXT155R71E223KE1D","1"
"C1301","1uF","Capacitor_SMD:C_0402_1005Metric","25V","X5R","Unpolarized capacitor","","","","GRM155R61E105KE11D","1"
"C1302","4.7uF","Capacitor_SMD:C_0805_2012Metric","10V","tant","Unpolarized capacitor","","","","298D475X9010M2T","1"
"C1303","100nF","Capacitor_SMD:C_0603_1608Metric","50V","X7R","Unpolarized capacitor","","","","C0805F104K1RACAUTO","1"
"C1304","4.7uF","Capacitor_SMD:C_0805_2012Metric","10V","tant","Unpolarized capacitor","","","","298D475X9010M2T","1"
"C1305","8pF","Capacitor_SMD:C_0603_1608Metric","50V","NP0","Unpolarized capacitor","","","","CGA3E2C0G1H080D080AA","1"
"C1306","100nF","Capacitor_SMD:C_0603_1608Metric","50V","X7R","Unpolarized capacitor","","","","C0805F104K1RACAUTO","1"
"C1307","100nF","Capacitor_SMD:C_0603_1608Metric","50V","X7R","Unpolarized capacitor","","","","C0805F104K1RACAUTO","1"
"C1308","10nF","Capacitor_SMD:C_0603_1608Metric","25V","X7R","Unpolarized capacitor","","","","GCM1885C2A103JE02J","1"
"C1309","10nF","Capacitor_SMD:C_0603_1608Metric","25V","X7R","Unpolarized capacitor","","","","GCM1885C2A103JE02J","1"
"C1310","10nF","Capacitor_SMD:C_0603_1608Metric","25V","X7R","Unpolarized capacitor","","","","GCM1885C2A103JE02J","1"
"C1311","100nF","Capacitor_SMD:C_0603_1608Metric","50V","X7R","Unpolarized capacitor","","","","C0805F104K1RACAUTO","1"
"C1312","100nF","Capacitor_SMD:C_0603_1608Metric","50V","X7R","Unpolarized capacitor","","","","C0805F104K1RACAUTO","1"
"C1313","1nF","Capacitor_SMD:C_0603_1608Metric","50V","NP0","Unpolarized capacitor","","","","C1608C0G1H102J080AA","1"
"C1314","100nF","Capacitor_SMD:C_0603_1608Metric","50V","X7R","Unpolarized capacitor","","","","C0805F104K1RACAUTO","1"
"C1315","4.7uF","Capacitor_SMD:C_0805_2012Metric","10V","tant","Unpolarized capacitor","","","","298D475X9010M2T","1"
"C1316","100nF","Capacitor_SMD:C_0603_1608Metric","50V","X7R","Unpolarized capacitor","","","","C0805F104K1RACAUTO","1"
"C1317","10nF","Capacitor_SMD:C_0603_1608Metric","25V","X7R","Unpolarized capacitor","","","","GCM1885C2A103JE02J","1"
"C1401","100nF","Capacitor_SMD:C_1206_3216Metric","50V","NP0","Unpolarized capacitor","","","","GRM31C5C2A104JA01L","1"
"C1402","100nF","Capacitor_SMD:C_1206_3216Metric","50V","NP0","Unpolarized capacitor","","","","GRM31C5C2A104JA01L","1"
"C1403","100nF","Capacitor_SMD:C_0603_1608Metric","50V","X7R","Unpolarized capacitor","","","","C0805F104K1RACAUTO","1"
"C1404","1uF","Capacitor_SMD:C_0402_1005Metric","25V","X5R","Unpolarized capacitor","","","","GRM155R61E105KE11D","1"
"C1405","100nF","Capacitor_SMD:C_0603_1608Metric","50V","X7R","Unpolarized capacitor","","","","C0805F104K1RACAUTO","1"
"C1406","150pF","Capacitor_SMD:C_0603_1608Metric","50V","NP0","Unpolarized capacitor","","","","06033A151FAT2A","1"
"C1407","150pF","Capacitor_SMD:C_0603_1608Metric","50V","NP0","Unpolarized capacitor","","","","06033A151FAT2A","1"
"C1408","3.3nF","Capacitor_SMD:C_0603_1608Metric","25V","NP0","Unpolarized capacitor","","","","C1608C0G1H332J080AE","1"
"C1409","3.3nF","Capacitor_SMD:C_0603_1608Metric","25V","NP0","Unpolarized capacitor","","","","C1608C0G1H332J080AE","1"
"C1410","10uF","Capacitor_SMD:C_0603_1608Metric","25V","X7R","capacitor, US symbol","","","","81-GXT155R71E223KE1D","1"
"C1501","100nF","Capacitor_SMD:C_1206_3216Metric","50V","NP0","Unpolarized capacitor","","","","GRM31C5C2A104JA01L","1"
"C1502","100nF","Capacitor_SMD:C_1206_3216Metric","50V","NP0","Unpolarized capacitor","","","","GRM31C5C2A104JA01L","1"
"C1503","100nF","Capacitor_SMD:C_0603_1608Metric","50V","X7R","Unpolarized capacitor","","","","C0805F104K1RACAUTO","1"
"C1504","1uF","Capacitor_SMD:C_0402_1005Metric","25V","X5R","Unpolarized capacitor","","","","GRM155R61E105KE11D","1"
"C1505","100nF","Capacitor_SMD:C_0603_1608Metric","50V","X7R","Unpolarized capacitor","","","","C0805F104K1RACAUTO","1"
"C1506","150pF","Capacitor_SMD:C_0603_1608Metric","50V","NP0","Unpolarized capacitor","","","","06033A151FAT2A","1"
"C1507","150pF","Capacitor_SMD:C_0603_1608Metric","50V","NP0","Unpolarized capacitor","","","","06033A151FAT2A","1"
"C1508","3.3nF","Capacitor_SMD:C_0603_1608Metric","25V","NP0","Unpolarized capacitor","","","","C1608C0G1H332J080AE","1"
"C1509","3.3nF","Capacitor_SMD:C_0603_1608Metric","25V","NP0","Unpolarized capacitor","","","","C1608C0G1H332J080AE","1"
"C1510","10uF","Capacitor_SMD:C_0603_1608Metric","25V","X7R","capacitor, US symbol","","","","81-GXT155R71E223KE1D","1"
"C1601","100nF","Capacitor_SMD:C_1206_3216Metric","50V","NP0","Unpolarized capacitor","","","","GRM31C5C2A104JA01L","1"
"C1602","100nF","Capacitor_SMD:C_1206_3216Metric","50V","NP0","Unpolarized capacitor","","","","GRM31C5C2A104JA01L","1"
"C1603","100nF","Capacitor_SMD:C_0603_1608Metric","50V","X7R","Unpolarized capacitor","","","","C0805F104K1RACAUTO","1"
"C1604","1uF","Capacitor_SMD:C_0402_1005Metric","25V","X5R","Unpolarized capacitor","","","","GRM155R61E105KE11D","1"
"C1605","100nF","Capacitor_SMD:C_0603_1608Metric","50V","X7R","Unpolarized capacitor","","","","C0805F104K1RACAUTO","1"
"C1606","150pF","Capacitor_SMD:C_0603_1608Metric","50V","NP0","Unpolarized capacitor","","","","06033A151FAT2A","1"
"C1607","150pF","Capacitor_SMD:C_0603_1608Metric","50V","NP0","Unpolarized capacitor","","","","06033A151FAT2A","1"
"C1608","3.3nF","Capacitor_SMD:C_0603_1608Metric","25V","NP0","Unpolarized capacitor","","","","C1608C0G1H332J080AE","1"
"C1609","3.3nF","Capacitor_SMD:C_0603_1608Metric","25V","NP0","Unpolarized capacitor","","","","C1608C0G1H332J080AE","1"
"C1610","10uF","Capacitor_SMD:C_0603_1608Metric","25V","X7R","capacitor, US symbol","","","","81-GXT155R71E223KE1D","1"
"C1701","100nF","Capacitor_SMD:C_1206_3216Metric","50V","NP0","Unpolarized capacitor","","","","GRM31C5C2A104JA01L","1"
"C1702","100nF","Capacitor_SMD:C_1206_3216Metric","50V","NP0","Unpolarized capacitor","","","","GRM31C5C2A104JA01L","1"
"C1703","100nF","Capacitor_SMD:C_0603_1608Metric","50V","X7R","Unpolarized capacitor","","","","C0805F104K1RACAUTO","1"
"C1704","1uF","Capacitor_SMD:C_0402_1005Metric","25V","X5R","Unpolarized capacitor","","","","GRM155R61E105KE11D","1"
"C1705","100nF","Capacitor_SMD:C_0603_1608Metric","50V","X7R","Unpolarized capacitor","","","","C0805F104K1RACAUTO","1"
"C1706","150pF","Capacitor_SMD:C_0603_1608Metric","50V","NP0","Unpolarized capacitor","","","","06033A151FAT2A","1"
"C1707","150pF","Capacitor_SMD:C_0603_1608Metric","50V","NP0","Unpolarized capacitor","","","","06033A151FAT2A","1"
"C1708","3.3nF","Capacitor_SMD:C_0603_1608Metric","25V","NP0","Unpolarized capacitor","","","","C1608C0G1H332J080AE","1"
"C1709","3.3nF","Capacitor_SMD:C_0603_1608Metric","25V","NP0","Unpolarized capacitor","","","","C1608C0G1H332J080AE","1"
"C1710","10uF","Capacitor_SMD:C_0603_1608Metric","25V","X7R","capacitor, US symbol","","","","81-GXT155R71E223KE1D","1"
"C1801","100nF","Capacitor_SMD:C_1206_3216Metric","50V","NP0","Unpolarized capacitor","","","","GRM31C5C2A104JA01L","1"
"C1802","100nF","Capacitor_SMD:C_1206_3216Metric","50V","NP0","Unpolarized capacitor","","","","GRM31C5C2A104JA01L","1"
"C1803","100nF","Capacitor_SMD:C_0603_1608Metric","50V","X7R","Unpolarized capacitor","","","","C0805F104K1RACAUTO","1"
"C1804","1uF","Capacitor_SMD:C_0402_1005Metric","25V","X5R","Unpolarized capacitor","","","","GRM155R61E105KE11D","1"
"C1805","100nF","Capacitor_SMD:C_0603_1608Metric","50V","X7R","Unpolarized capacitor","","","","C0805F104K1RACAUTO","1"
"C1806","150pF","Capacitor_SMD:C_0603_1608Metric","50V","NP0","Unpolarized capacitor","","","","06033A151FAT2A","1"
"C1807","150pF","Capacitor_SMD:C_0603_1608Metric","50V","NP0","Unpolarized capacitor","","","","06033A151FAT2A","1"
"C1808","3.3nF","Capacitor_SMD:C_0603_1608Metric","25V","NP0","Unpolarized capacitor","","","","C1608C0G1H332J080AE","1"
"C1809","3.3nF","Capacitor_SMD:C_0603_1608Metric","25V","NP0","Unpolarized capacitor","","","","C1608C0G1H332J080AE","1"
"C1810","10uF","Capacitor_SMD:C_0603_1608Metric","25V","X7R","capacitor, US symbol","","","","81-GXT155R71E223KE1D","1"
"C1901","100nF","Capacitor_SMD:C_1206_3216Metric","50V","NP0","Unpolarized capacitor","","","","GRM31C5C2A104JA01L","1"
"C1902","100nF","Capacitor_SMD:C_1206_3216Metric","50V","NP0","Unpolarized capacitor","","","","GRM31C5C2A104JA01L","1"
"C1903","100nF","Capacitor_SMD:C_0603_1608Metric","50V","X7R","Unpolarized capacitor","","","","C0805F104K1RACAUTO","1"
"C1904","1uF","Capacitor_SMD:C_0402_1005Metric","25V","X5R","Unpolarized capacitor","","","","GRM155R61E105KE11D","1"
"C1905","100nF","Capacitor_SMD:C_0603_1608Metric","50V","X7R","Unpolarized capacitor","","","","C0805F104K1RACAUTO","1"
"C1906","150pF","Capacitor_SMD:C_0603_1608Metric","50V","NP0","Unpolarized capacitor","","","","06033A151FAT2A","1"
"C1907","150pF","Capacitor_SMD:C_0603_1608Metric","50V","NP0","Unpolarized capacitor","","","","06033A151FAT2A","1"
"C1908","3.3nF","Capacitor_SMD:C_0603_1608Metric","25V","NP0","Unpolarized capacitor","","","","C1608C0G1H332J080AE","1"
"C1909","3.3nF","Capacitor_SMD:C_0603_1608Metric","25V","NP0","Unpolarized capacitor","","","","C1608C0G1H332J080AE","1"
"C1910","10uF","Capacitor_SMD:C_0603_1608Metric","25V","X7R","capacitor, US symbol","","","","81-GXT155R71E223KE1D","1"
"C2033","100nF","Capacitor_SMD:C_0402_1005Metric","","","capacitor, small US symbol","","","","","1"
"C2034","100nF","Capacitor_SMD:C_0402_1005Metric","","","capacitor, small US symbol","","","","","1"
"C2035","100nF","Capacitor_SMD:C_0402_1005Metric","","","capacitor, small US symbol","","","","","1"
"C2036","100nF","Capacitor_SMD:C_0402_1005Metric","","","capacitor, small US symbol","","","","","1"
"D101","TPD1E0B04DPY","Diode_SMD:D_SOD-882","","","0.13-pF, ±3.6-V, ±8-kV ESD protection diode in 0402 & 0201 packages for USB-C & Antenna","","","","","1"
"D301","SP0402B-ELC-01ETG","Library:SP0402BELC01ETG","","","ESD Suppressor Diode TVS Bi-Dir 7V 2-Pin DFN T/R","","","","SP0402B-ELC-01ETG","1"
"D1201","ESD9B5.0ST5G","Diode_SMD:D_SOD-923","","","ESD protection diode, 5.0Vrwm, SOD-923","","","","","1"
"D1202","SMBJ15A","Diode_SMD:D_SMB","","","600W 14V transient protection zener diode","","SMBJ15A","","","1"
"D1203","ESD9B5.0ST5G","Diode_SMD:D_SOD-923","","","ESD protection diode, 5.0Vrwm, SOD-923","","","","","1"
"FB201","600","Inductor_SMD:L_0603_1608Metric","","","TDK KPZ1608SHR601ATD25 600 ohm ferrite bead 1A","","","","MI0603J601R-10","1"
"FB301","600","Inductor_SMD:L_0603_1608Metric","","","Ferrite bead, small symbol","","","","MI0603J601R-10","1"
"FB302","600","Inductor_SMD:L_0603_1608Metric","","","Ferrite bead, small symbol","","","","MI0603J601R-10","1"
"FB1201","600","Inductor_SMD:L_0603_1608Metric","","","Ferrite bead, small symbol","","","","MI0603J601R-10","1"
"FB1301","600","Inductor_SMD:L_0603_1608Metric","","","TDK KPZ1608SHR601ATD25 600 ohm ferrite bead 1A","","","","MI0603J601R-10","1"
"GD101","350V","Library:GDT3535S1RP","","","Gas Discharge Tube with 3 Pins","","","","GDT35-35-S1-RP","1"
"J101","SMA","Library:733910083","","","coaxial connector (BNC, SMA, SMB, SMC, Cinch/RCA, LEMO, ...)","","","","733910083","1"
"J201","68710814022","Library:68710814022","","","Wurth Elektronik 687 Series 0.5mm 8 Way 1 Row Straight PCB Socket Surface Mount Wire to Board","","","","5034800800","1"
"J202","FTSH-105-01-L-DV-K","Library:FTSH10501LDVK","","","Cortex Debug Connector, standard ARM Cortex-M SWD and JTAG interface SamTec FTSH-105-01-L-DV-K","","","","","1"
"J1201","pwr+data","Library:USB_C_Receptacle_HRO_TYPE-C-31-M-12-bursted","","","USB 2.0-only 16P Type-C Receptacle connector","","","","TYPE-C-31-M-12","1"
"L301","1.5uH","Inductor_SMD:L_1210_3225Metric","","","Inductor with ferrite core, small symbol","","","","","1"
"L302","1.5uH","Inductor_SMD:L_1210_3225Metric","","","Inductor with ferrite core, small symbol","","","","","1"
"L701","1.5uH","Inductor_SMD:L_1210_3225Metric","","","Inductor with ferrite core, small symbol","","","","","1"
"L702","220nH","Inductor_SMD:L_1210_3225Metric","","","Inductor with ferrite core, small symbol","","","","","1"
"L1201","1uH","Library:IND_XGL4030_COC","","","Inductor","","","","","1"
"L1202","2.2uH","Inductor_SMD:L_0805_2012Metric","","","Inductor, small symbol","","","muRata","","1"
"R101","100k","Resistor_SMD:R_0603_1608Metric","","","Resistor, US symbol","","","","ERJ-P08J104V","1"
"R201","10k","Resistor_SMD:R_0402_1005Metric","","","Resistor, US symbol","","","","","1"
"R202","22","Resistor_SMD:R_0402_1005Metric","","","Resistor, small US symbol","","","","","1"
"R203","10k","Resistor_SMD:R_0402_1005Metric","","","Resistor, US symbol","","","","","1"
"R204","22.1k","Resistor_SMD:R_0402_1005Metric","","","Resistor, US symbol","","","","","1"
"R205","8.06k","Resistor_SMD:R_0603_1608Metric","","","Resistor, US symbol","","","","","1"
"R206","10k","Resistor_SMD:R_0402_1005Metric","","","Resistor, US symbol","","","","","1"
"R207","10k","Resistor_SMD:R_0402_1005Metric","","","Resistor, US symbol","","","","","1"
"R208","22","Resistor_SMD:R_0402_1005Metric","","","Resistor, small US symbol","","","","","1"
"R209","22","Resistor_SMD:R_0402_1005Metric","","","Resistor, small US symbol","","","","","1"
"R210","22","Resistor_SMD:R_0402_1005Metric","","","Resistor, small US symbol","","","","","1"
"R211","22","Resistor_SMD:R_0402_1005Metric","","","Resistor, small US symbol","","","","","1"
"R212","22","Resistor_SMD:R_0402_1005Metric","","","Resistor, small US symbol","","","","","1"
"R213","22","Resistor_SMD:R_0402_1005Metric","","","Resistor, small US symbol","","","","","1"
"R214","22","Resistor_SMD:R_0402_1005Metric","","","Resistor, small US symbol","","","","","1"
"R215","22","Resistor_SMD:R_0402_1005Metric","","","Resistor, small US symbol","","","","","1"
"R216","22","Resistor_SMD:R_0402_1005Metric","","","Resistor, small US symbol","","","","","1"
"R217","22","Resistor_SMD:R_0402_1005Metric","","","Resistor, small US symbol","","","","","1"
"R218","22","Resistor_SMD:R_0402_1005Metric","","","Resistor, small US symbol","","","","","1"
"R219","10k","Resistor_SMD:R_0402_1005Metric","","","Resistor, small US symbol","","","","","1"
"R220","10k","Resistor_SMD:R_0402_1005Metric","","","Resistor, small US symbol","","","","","1"
"R302","47k","Resistor_SMD:R_0402_1005Metric","","","Resistor, US symbol","","","","","1"
"R303","47k","Resistor_SMD:R_0402_1005Metric","","","Resistor, US symbol","","","","","1"
"R304","47k","Resistor_SMD:R_0402_1005Metric","","","Resistor, US symbol","","","","","1"
"R305","47k","Resistor_SMD:R_0402_1005Metric","","","Resistor, US symbol","","","","","1"
"R306","47k","Resistor_SMD:R_0402_1005Metric","","","Resistor, US symbol","","","","","1"
"R307","47k","Resistor_SMD:R_0402_1005Metric","","","Resistor, US symbol","","","","","1"
"R308","33","Resistor_SMD:R_0402_1005Metric","","","Resistor, thin film, 0402","","","","","1"
"R309","33","Resistor_SMD:R_0402_1005Metric","","","Resistor, thin film, 0402","","","","","1"
"R401","10k","Resistor_SMD:R_0402_1005Metric","","","Resistor, 1%, thin film, 0402","","","","","1"
"R501","10k","Resistor_SMD:R_0402_1005Metric","","","Resistor, 1%, thin film, 0402","","","","","1"
"R601","10k","Resistor_SMD:R_0402_1005Metric","","","Resistor, 1%, thin film, 0402","","","","","1"
"R803","34.4","Resistor_SMD:R_0402_1005Metric","","","Resistor, 0.1%, thin film, 0402","","","","","1"
"R804","562","Resistor_SMD:R_0402_1005Metric","","","Resistor, 0.1%, thin film, 0402","","","","","1"
"R805","34.4","Resistor_SMD:R_0402_1005Metric","","","Resistor, 0.1%, thin film, 0402","","","","","1"
"R903","66.5","Resistor_SMD:R_0402_1005Metric","","","Resistor, 0.1%, thin film, 0402","","","","","1"
"R904","267","Resistor_SMD:R_0402_1005Metric","","","Resistor, 0.1%, thin film, 0402","","","","","1"
"R905","66.5","Resistor_SMD:R_0402_1005Metric","","","Resistor, 0.1%, thin film, 0402","","","","","1"
"R1003","120","Resistor_SMD:R_0402_1005Metric","","","Resistor, 0.1%, thin film, 0402","","","","","1"
"R1004","107","Resistor_SMD:R_0402_1005Metric","","","Resistor, 0.1%, thin film, 0402","","","","","1"
"R1005","120","Resistor_SMD:R_0402_1005Metric","","","Resistor, 0.1%, thin film, 0402","","","","","1"
"R1103","176","Resistor_SMD:R_0402_1005Metric","","","Resistor, 0.1%, thin film, 0402","","","","","1"
"R1104","25.5","Resistor_SMD:R_0402_1005Metric","","","Resistor, 0.1%, thin film, 0402","","","","","1"
"R1105","176","Resistor_SMD:R_0402_1005Metric","","","Resistor, 0.1%, thin film, 0402","","","","","1"
"R1201","1k","Resistor_SMD:R_0603_1608Metric","","","Resistor, US symbol","","","","","1"
"R1202","5.1k","Resistor_SMD:R_0603_1608Metric","","","Resistor, US symbol","","","","","1"
"R1203","57.6k","Resistor_SMD:R_0402_1005Metric","","","Resistor, US symbol","","","","","1"
"R1204","10k","Resistor_SMD:R_0402_1005Metric","","","Resistor, US symbol","","","","","1"
"R1205","100k","Resistor_SMD:R_0402_1005Metric","","","Resistor, US symbol","","","","","1"
"R1206","22.1k","Resistor_SMD:R_0402_1005Metric","","","Resistor, US symbol","","","","","1"
"R1207","1k","Resistor_SMD:R_0603_1608Metric","","","Resistor, US symbol","","","","","1"
"R1208","5.1k","Resistor_SMD:R_0603_1608Metric","","","Resistor, US symbol","","","","","1"
"R1301","100k","Resistor_SMD:R_0402_1005Metric","","","Resistor, US symbol","","","","","1"
"R1302","330","Resistor_SMD:R_0402_1005Metric","","","Resistor, US symbol","","","","","1"
"R1303","330","Resistor_SMD:R_0402_1005Metric","","","Resistor, US symbol","","","","","1"
"R1304","330","Resistor_SMD:R_0402_1005Metric","","","Resistor, US symbol","","","","","1"
"R1305","100k","Resistor_SMD:R_0402_1005Metric","","","Resistor, US symbol","","","","","1"
"R1306","100k","Resistor_SMD:R_0402_1005Metric","","","Resistor, US symbol","","","","","1"
"R1307","100k","Resistor_SMD:R_0402_1005Metric","","","Resistor, US symbol","","","","","1"
"R1308","330","Resistor_SMD:R_0402_1005Metric","","","Resistor, US symbol","","","","","1"
"R1401","10k","Resistor_SMD:R_0402_1005Metric","","","Resistor, 1%, thin film, 0402","","","","","1"
"R1402","10k","Resistor_SMD:R_0402_1005Metric","","","Resistor, 1%, thin film, 0402","","","","","1"
"R1403","10k","Resistor_SMD:R_0402_1005Metric","","","Resistor, US symbol","","","","","1"
"R1404","10k","Resistor_SMD:R_0402_1005Metric","","","Resistor, US symbol","","","","","1"
"R1405","330","Resistor_SMD:R_0402_1005Metric","","","Resistor, US symbol","","","","","1"
"R1406","330","Resistor_SMD:R_0402_1005Metric","","","Resistor, US symbol","","","","","1"
"R1501","10k","Resistor_SMD:R_0402_1005Metric","","","Resistor, 1%, thin film, 0402","","","","","1"
"R1502","10k","Resistor_SMD:R_0402_1005Metric","","","Resistor, 1%, thin film, 0402","","","","","1"
"R1503","10k","Resistor_SMD:R_0402_1005Metric","","","Resistor, US symbol","","","","","1"
"R1504","10k","Resistor_SMD:R_0402_1005Metric","","","Resistor, US symbol","","","","","1"
"R1505","330","Resistor_SMD:R_0402_1005Metric","","","Resistor, US symbol","","","","","1"
"R1506","330","Resistor_SMD:R_0402_1005Metric","","","Resistor, US symbol","","","","","1"
"R1601","10k","Resistor_SMD:R_0402_1005Metric","","","Resistor, 1%, thin film, 0402","","","","","1"
"R1602","10k","Resistor_SMD:R_0402_1005Metric","","","Resistor, 1%, thin film, 0402","","","","","1"
"R1603","10k","Resistor_SMD:R_0402_1005Metric","","","Resistor, US symbol","","","","","1"
"R1604","10k","Resistor_SMD:R_0402_1005Metric","","","Resistor, US symbol","","","","","1"
"R1605","330","Resistor_SMD:R_0402_1005Metric","","","Resistor, US symbol","","","","","1"
"R1606","330","Resistor_SMD:R_0402_1005Metric","","","Resistor, US symbol","","","","","1"
"R1701","10k","Resistor_SMD:R_0402_1005Metric","","","Resistor, 1%, thin film, 0402","","","","","1"
"R1702","10k","Resistor_SMD:R_0402_1005Metric","","","Resistor, 1%, thin film, 0402","","","","","1"
"R1703","10k","Resistor_SMD:R_0402_1005Metric","","","Resistor, US symbol","","","","","1"
"R1704","10k","Resistor_SMD:R_0402_1005Metric","","","Resistor, US symbol","","","","","1"
"R1705","330","Resistor_SMD:R_0402_1005Metric","","","Resistor, US symbol","","","","","1"
"R1706","330","Resistor_SMD:R_0402_1005Metric","","","Resistor, US symbol","","","","","1"
"R1801","10k","Resistor_SMD:R_0402_1005Metric","","","Resistor, 1%, thin film, 0402","","","","","1"
"R1802","10k","Resistor_SMD:R_0402_1005Metric","","","Resistor, 1%, thin film, 0402","","","","","1"
"R1803","10k","Resistor_SMD:R_0402_1005Metric","","","Resistor, US symbol","","","","","1"
"R1804","10k","Resistor_SMD:R_0402_1005Metric","","","Resistor, US symbol","","","","","1"
"R1805","330","Resistor_SMD:R_0402_1005Metric","","","Resistor, US symbol","","","","","1"
"R1806","330","Resistor_SMD:R_0402_1005Metric","","","Resistor, US symbol","","","","","1"
"R1901","10k","Resistor_SMD:R_0402_1005Metric","","","Resistor, 1%, thin film, 0402","","","","","1"
"R1902","10k","Resistor_SMD:R_0402_1005Metric","","","Resistor, 1%, thin film, 0402","","","","","1"
"R1903","10k","Resistor_SMD:R_0402_1005Metric","","","Resistor, US symbol","","","","","1"
"R1904","10k","Resistor_SMD:R_0402_1005Metric","","","Resistor, US symbol","","","","","1"
"R1905","330","Resistor_SMD:R_0402_1005Metric","","","Resistor, US symbol","","","","","1"
"R1906","330","Resistor_SMD:R_0402_1005Metric","","","Resistor, US symbol","","","","","1"
"U201","STM32H753VITx","Package_QFP:LQFP-100_14x14mm_P0.5mm","","","STMicroelectronics Arm Cortex-M7 MCU, 2048KB flash, 1024KB RAM, 480 MHz, 1.71-3.6V, 82 GPIO, LQFP100","","","","","1"
"U202","USB3343","Package_DFN_QFN:QFN-24-1EP_4x4mm_P0.5mm_EP2.6x2.6mm","","","Hi-Speed USB ULPI Transceiver, QFN-24","","","","USB3343-CP-TR","1"
"U301","OPA1692IDGK","Package_SO:VSSOP-8_3x3mm_P0.65mm","","","Dual SoundPlus Low Power, Low Noise & Low Distortion Audio Operational Amplifiers, VSSOP-8","","","","","1"
"U302","AK5578EN","Library:QFN50P900X900X100-65N","","","PREMIUM ADC GEN3 32BIT 768KHZ 12","","","","AK5578EN","1"
"U401","TS3A4751RUCR","Library:TS3A4751-RUC14","","","","","","","","1"
"U501","TS3A4751RUCR","Library:TS3A4751-RUC14","","","","","","","","1"
"U601","TS3A4751RUCR","Library:TS3A4751-RUC14","","","","","","","","1"
"U701","AS183-92LF","Library:SOT65P220X110-6N","","","RF Switch ICs .3-2500MHz IL .3dB IP3 +43dBm","","","","AS183-92LF","1"
"U702","AS183-92LF","Library:SOT65P220X110-6N","","","RF Switch ICs .3-2500MHz IL .3dB IP3 +43dBm","","","","AS183-92LF","1"
"U703","AS183-92LF","Library:SOT65P220X110-6N","","","RF Switch ICs .3-2500MHz IL .3dB IP3 +43dBm","","","","AS183-92LF","1"
"U704","AS183-92LF","Library:SOT65P220X110-6N","","","RF Switch ICs .3-2500MHz IL .3dB IP3 +43dBm","","","","AS183-92LF","1"
"U705","AS183-92LF","Library:SOT65P220X110-6N","","","RF Switch ICs .3-2500MHz IL .3dB IP3 +43dBm","","","","AS183-92LF","1"
"U706","AS183-92LF","Library:SOT65P220X110-6N","","","RF Switch ICs .3-2500MHz IL .3dB IP3 +43dBm","","","","AS183-92LF","1"
"U707","AS183-92LF","Library:SOT65P220X110-6N","","","RF Switch ICs .3-2500MHz IL .3dB IP3 +43dBm","","","","AS183-92LF","1"
"U708","AS183-92LF","Library:SOT65P220X110-6N","","","RF Switch ICs .3-2500MHz IL .3dB IP3 +43dBm","","","","AS183-92LF","1"
"U709","AS183-92LF","Library:SOT65P220X110-6N","","","RF Switch ICs .3-2500MHz IL .3dB IP3 +43dBm","","","","AS183-92LF","1"
"U710","AS183-92LF","Library:SOT65P220X110-6N","","","RF Switch ICs .3-2500MHz IL .3dB IP3 +43dBm","","","","AS183-92LF","1"
"U711","AS183-92LF","Library:SOT65P220X110-6N","","","RF Switch ICs .3-2500MHz IL .3dB IP3 +43dBm","","","","AS183-92LF","1"
"U712","AS183-92LF","Library:SOT65P220X110-6N","","","RF Switch ICs .3-2500MHz IL .3dB IP3 +43dBm","","","","AS183-92LF","1"
"U801","AS183-92LF","Library:SOT65P220X110-6N","","","RF Switch ICs .3-2500MHz IL .3dB IP3 +43dBm","","","","AS183-92LF","1"
"U802","AS183-92LF","Library:SOT65P220X110-6N","","","RF Switch ICs .3-2500MHz IL .3dB IP3 +43dBm","","","","AS183-92LF","1"
"U901","AS183-92LF","Library:SOT65P220X110-6N","","","RF Switch ICs .3-2500MHz IL .3dB IP3 +43dBm","","","","AS183-92LF","1"
"U902","AS183-92LF","Library:SOT65P220X110-6N","","","RF Switch ICs .3-2500MHz IL .3dB IP3 +43dBm","","","","AS183-92LF","1"
"U1001","AS183-92LF","Library:SOT65P220X110-6N","","","RF Switch ICs .3-2500MHz IL .3dB IP3 +43dBm","","","","AS183-92LF","1"
"U1002","AS183-92LF","Library:SOT65P220X110-6N","","","RF Switch ICs .3-2500MHz IL .3dB IP3 +43dBm","","","","AS183-92LF","1"
"U1101","AS183-92LF","Library:SOT65P220X110-6N","","","RF Switch ICs .3-2500MHz IL .3dB IP3 +43dBm","","","","AS183-92LF","1"
"U1102","AS183-92LF","Library:SOT65P220X110-6N","","","RF Switch ICs .3-2500MHz IL .3dB IP3 +43dBm","","","","AS183-92LF","1"
"U1201","LMR51430","Package_TO_SOT_SMD:SOT-23-6","","","4.5-V to 36-V, 3-A synchronous buck converter with 40-µA IQ, SOT-23-6","","","","","1"
"U1202","TPS61023","Package_TO_SOT_SMD:SOT-563","","","3.7A boost converter with 0.5V ultra-low input voltage","","","","","1"
"U1203","TPS7A2050PDBVR","DBV0005A-MFG","","","300 mA Low Dropout Voltage Regulator, Fixed Output, 1.6..6.0Vin, Low-Noise (7μV RMS), 6.5μA IQ LDO, X2SON-5","","","","","1"
"U1204","TPS22918DBVR","Package_TO_SOT_SMD:SOT-23-6","","","5.5V, 2A, 52m load switch with adjustable rise time and adjustable quick output discharge","","","","TPS22918DBVR","1"
"U1206","TPS22918DBVR","Package_TO_SOT_SMD:SOT-23-6","","","5.5V, 2A, 52m load switch with adjustable rise time and adjustable quick output discharge","","","","TPS22918DBVR","1"
"U1207","TPS74612PQWDRBRQ1","SON65P300X300X100-9N-D","","","LDO Voltage Regulators Automotive 1-A, low-IQ, high-PSRR, low-dropout (LDO) voltage regulator with power good 8-SON -40 to 125","","","","TPS74612PQWDRBRQ1","1"
"U1208","TPS7A2033PDBVR","DBV0005A-MFG","","","300 mA Low Dropout Voltage Regulator, Fixed Output, 1.6..6.0Vin, Low-Noise (7μV RMS), 6.5μA IQ LDO, X2SON-5","","","","","1"
"U1301","ICE40UP5K-SG48I","Package_DFN_QFN:QFN-48-1EP_7x7mm_P0.5mm_EP5.6x5.6mm","","","iCE40 UltraPlus FPGA, 5280 LUTs, 1.2V, 48-pin QFN","","","","","1"
"U1401","MAX9939AUB+T","symbols:21-0061L_MXM","","","","","","","","1"
"U1501","MAX9939AUB+T","symbols:21-0061L_MXM","","","","","","","","1"
"U1601","MAX9939AUB+T","symbols:21-0061L_MXM","","","","","","","","1"
"U1701","MAX9939AUB+T","symbols:21-0061L_MXM","","","","","","","","1"
"U1801","MAX9939AUB+T","symbols:21-0061L_MXM","","","","","","","","1"
"U1901","MAX9939AUB+T","symbols:21-0061L_MXM","","","","","","","","1"
"U2001","STM32C011F4U6TR","Library:QFN50P300X300X60-20N-D","","","STMicroelectronics Arm Cortex-M0+ MCU, 16-32KB flash, 6KB RAM, 48 MHz, 2.0-3.6V, 18 GPIO, UFQFPN20","","","","ST STM32C011F4U6TR","1"
"U2002","STM32C011F4U6TR","Library:QFN50P300X300X60-20N-D","","","STMicroelectronics Arm Cortex-M0+ MCU, 16-32KB flash, 6KB RAM, 48 MHz, 2.0-3.6V, 18 GPIO, UFQFPN20","","","","ST STM32C011F4U6TR","1"
"U2003","STM32C011F4U6TR","Library:QFN50P300X300X60-20N-D","","","STMicroelectronics Arm Cortex-M0+ MCU, 16-32KB flash, 6KB RAM, 48 MHz, 2.0-3.6V, 18 GPIO, UFQFPN20","","","","ST STM32C011F4U6TR","1"
"U2004","STM32C011F4U6TR","Library:QFN50P300X300X60-20N-D","","","STMicroelectronics Arm Cortex-M0+ MCU, 16-32KB flash, 6KB RAM, 48 MHz, 2.0-3.6V, 18 GPIO, UFQFPN20","","","","ST STM32C011F4U6TR","1"
"Y201","26MHz","Crystal:Crystal_SMD_2520-4Pin_2.5x2.0mm","","","26MHz 18pF 10PPM","","","","E2X260181G01","1"
"Y202","26MHz","Crystal:Crystal_SMD_2520-4Pin_2.5x2.0mm","","","26MHz 18pF 10PPM","","","","E2X260181G01","1"
"Y1301","40MHz","Library:ECSTXO201633400TR","","","TCXO Oscillators 40MHz 3.3V 2.5ppm -40C +85C","","","","ECS-TXO-2016-33-400-TR","1"
