"Reference","Value","Footprint","QUANTITY","LCSC","MPN","Description"
"BT101","CR3032 holder","Library:S8401-46","1","C5904513","S8401-46 ","Coin Cell Battery Retainer, Vertical Throughboard, for CR2032 and BR2032 Coin Cell Batteries"
"C101","100nF","Capacitor_SMD:C_1206_3216Metric","1","","GRM3195C2A104JA01D","Capacitor, MLCC, NP0, 100V, 5%, 100nF, 1206"
"C102","100nF","Capacitor_SMD:C_1206_3216Metric","1","","GRM3195C2A104JA01D","Capacitor, MLCC, NP0, 100V, 5%, 100nF, 1206"
"C103","100nF","Capacitor_SMD:C_1206_3216Metric","1","","GRM3195C2A104JA01D","Capacitor, MLCC, NP0, 100V, 5%, 100nF, 1206"
"C104","10uF","Capacitor_SMD:C_0402_1005Metric","1","C479655","CM105X5R106M25AT","Unpolarized capacitor"
"C105","10uF","Capacitor_SMD:C_0402_1005Metric","1","C479655","CM105X5R106M25AT","Unpolarized capacitor"
"C106","150pF","Capacitor_SMD:C_0402_1005Metric","1","","","Unpolarized capacitor"
"C107","100nF","Capacitor_SMD:C_0402_1005Metric","1","","C0805F104K1RACAUTO","Capacitor, MLCC, X7R, 50V, 5%, 100nF, 0603"
"C108","100nF","Capacitor_SMD:C_0402_1005Metric","1","","C0805F104K1RACAUTO","Capacitor, MLCC, X7R, 50V, 5%, 100nF, 0603"
"C201","10uF","Capacitor_SMD:C_0402_1005Metric","1","","81-GXT155R71E223KE1D","Capacitor, MLCC, X7R, 25V, 10%, 10uF, 0603"
"C202","10uF","Capacitor_SMD:C_0402_1005Metric","1","","","Unpolarized capacitor"
"C203","10uF","Capacitor_SMD:C_0402_1005Metric","1","","81-GXT155R71E223KE1D","Capacitor, MLCC, X7R, 25V, 10%, 10uF, 0603"
"C204","27pF","Capacitor_SMD:C_0402_1005Metric","1","","","Capacitor, MLCC, NP0, 50V, 5%, 27pF, 0402"
"C205","27pF","Capacitor_SMD:C_0402_1005Metric","1","","","capacitor, small US symbol"
"C206","1uF","Capacitor_SMD:C_0402_1005Metric","1","","","Unpolarized capacitor"
"C207","100nF","Capacitor_SMD:C_0402_1005Metric","1","","C0805F104K1RACAUTO","Capacitor, MLCC, X7R, 50V, 5%, 100nF, 0603"
"C208","100nF","Capacitor_SMD:C_0402_1005Metric","1","","C0805F104K1RACAUTO","Capacitor, MLCC, X7R, 50V, 5%, 100nF, 0603"
"C209","1uF","Capacitor_SMD:C_0402_1005Metric","1","","","Unpolarized capacitor"
"C210","100nF","Capacitor_SMD:C_0402_1005Metric","1","","C0805F104K1RACAUTO","Capacitor, MLCC, X7R, 50V, 5%, 100nF, 0603"
"C211","100nF","Capacitor_SMD:C_0402_1005Metric","1","","C0805F104K1RACAUTO","Capacitor, MLCC, X7R, 50V, 5%, 100nF, 0603"
"C212","4.7uF","Capacitor_SMD:C_0402_1005Metric","1","","298D475X9010M2T","Capacitor, Tantalum, 10V, 10%, 4.7uF, 0805"
"C213","1uF","Capacitor_SMD:C_0402_1005Metric","1","","","Unpolarized capacitor"
"C214","1uF","Capacitor_SMD:C_0402_1005Metric","1","","","Unpolarized capacitor"
"C215","1uF","Capacitor_SMD:C_0402_1005Metric","1","","GRM155R61E105KE11D","Capacitor, MLCC, X5R, 25V, 10%, 1uF, 0402"
"C216","100nF","Capacitor_SMD:C_0402_1005Metric","1","","","Unpolarized capacitor"
"C217","27pF","Capacitor_SMD:C_0402_1005Metric","1","","","capacitor, small US symbol"
"C218","27pF","Capacitor_SMD:C_0402_1005Metric","1","","","capacitor, small US symbol"
"C219","2.2uF","Capacitor_SMD:C_0402_1005Metric","1","","","Capacitor, MLCC, X7R, 50V, 10%, 2.2uF, 0603"
"C220","2.2uF","Capacitor_SMD:C_0402_1005Metric","1","","","Capacitor, MLCC, X7R, 50V, 10%, 2.2uF, 0603"
"C221","10uF","Capacitor_SMD:C_0402_1005Metric","1","","","Unpolarized capacitor"
"C222","10uF","Capacitor_SMD:C_0402_1005Metric","1","","","Unpolarized capacitor"
"C223","10uF","Capacitor_SMD:C_0402_1005Metric","1","","","Unpolarized capacitor"
"C224","10uF","Capacitor_SMD:C_0402_1005Metric","1","","","Unpolarized capacitor"
"C225","10uF","Capacitor_SMD:C_0402_1005Metric","1","","","Unpolarized capacitor"
"C226","1uF","Capacitor_SMD:C_0402_1005Metric","1","","GRM155R61E105KE11D","Capacitor, MLCC, X5R, 25V, 10%, 1uF, 0402"
"C227","100nF","Capacitor_SMD:C_0402_1005Metric","1","","","Unpolarized capacitor"
"C228","100nF","Capacitor_SMD:C_0402_1005Metric","1","","","Unpolarized capacitor"
"C229","100nF","Capacitor_SMD:C_0402_1005Metric","1","","","Unpolarized capacitor"
"C230","100nF","Capacitor_SMD:C_0402_1005Metric","1","","","Unpolarized capacitor"
"C231","100nF","Capacitor_SMD:C_0402_1005Metric","1","","C0805F104K1RACAUTO","Capacitor, MLCC, X7R, 50V, 5%, 100nF, 0603"
"C232","100nF","Capacitor_SMD:C_0402_1005Metric","1","","","Unpolarized capacitor"
"C233","100nF","Capacitor_SMD:C_0402_1005Metric","1","","","Unpolarized capacitor"
"C301","910pF","Capacitor_SMD:C_0402_1005Metric","1","","C0402C132J5GACTU","capacitor, US symbol"
"C302","1.5nF","Capacitor_SMD:C_0402_1005Metric","1","","C0402C202J3GACTU","capacitor, US symbol"
"C303","910pF","Capacitor_SMD:C_0402_1005Metric","1","","C0402C132J5GACTU","capacitor, US symbol"
"C304","300pF","Capacitor_SMD:C_0402_1005Metric","1","","C0402C132J5GACTU","capacitor, US symbol"
"C305","620pF","Capacitor_SMD:C_0402_1005Metric","1","","C0402C202J3GACTU","capacitor, US symbol"
"C306","300pF","Capacitor_SMD:C_0402_1005Metric","1","","C0402C132J5GACTU","capacitor, US symbol"
"C307","2.2nF","Capacitor_SMD:C_0402_1005Metric","1","","GRM2165C1H162JA01D","capacitor, US symbol"
"C308","1nF","Capacitor_SMD:C_0402_1005Metric","1","","08051A911JAT2A","capacitor, US symbol"
"C309","1nF","Capacitor_SMD:C_0402_1005Metric","1","","08051A911JAT2A","capacitor, US symbol"
"C310","2.2nF","Capacitor_SMD:C_0402_1005Metric","1","","GRM2165C1H162JA01D","capacitor, US symbol"
"C311","150pF","Capacitor_SMD:C_0402_1005Metric","1","","C0402C132J5GACTU","capacitor, US symbol"
"C312","300pF","Capacitor_SMD:C_0402_1005Metric","1","","C0402C202J3GACTU","capacitor, US symbol"
"C313","150pF","Capacitor_SMD:C_0402_1005Metric","1","","C0402C132J5GACTU","capacitor, US symbol"
"C314","75pF","Capacitor_SMD:C_0402_1005Metric","1","","C0402C132J5GACTU","capacitor, US symbol"
"C315","160pF","Capacitor_SMD:C_0402_1005Metric","1","","C0402C202J3GACTU","capacitor, US symbol"
"C316","75pF","Capacitor_SMD:C_0402_1005Metric","1","","C0402C132J5GACTU","capacitor, US symbol"
"C317","100nF","Capacitor_SMD:C_0402_1005Metric","1","","C0805F104K1RACAUTO","Capacitor, MLCC, X7R, 50V, 5%, 100nF, 0603"
"C801","1uF","Capacitor_SMD:C_0402_1005Metric","1","","GRM155R61E105KE11D","Capacitor, MLCC, X5R, 25V, 10%, 1uF, 0402"
"C802","100nF","Capacitor_SMD:C_0402_1005Metric","1","","C0805F104K1RACAUTO","Capacitor, MLCC, X7R, 50V, 5%, 100nF, 0603"
"C803","100nF","Capacitor_SMD:C_0402_1005Metric","1","","C0805F104K1RACAUTO","Capacitor, MLCC, X7R, 50V, 5%, 100nF, 0603"
"C804","100nF","Capacitor_SMD:C_0402_1005Metric","1","","C0805F104K1RACAUTO","Capacitor, MLCC, X7R, 50V, 5%, 100nF, 0603"
"C805","10uF","Capacitor_SMD:C_0402_1005Metric","1","","TAJD106K050RNJ","Capacitor, Tantalum, 50V, 10%, 10uF, 0805"
"C806","4.7uF","Capacitor_SMD:C_0402_1005Metric","1","","","Capacitor, MLCC, X5R, 25V, 5%, 0402"
"C807","2.2nF","Capacitor_SMD:C_0402_1005Metric","1","","","Capacitor, MLCC, NP0, 25V, 5%, 0603"
"C808","10uF","Capacitor_SMD:C_0402_1005Metric","1","","TAJD106K050RNJ","Capacitor, Tantalum, 50V, 10%, 10uF, 0805"
"C809","100nF","Capacitor_SMD:C_0402_1005Metric","1","","C0805F104K1RACAUTO","Capacitor, MLCC, X7R, 50V, 5%, 100nF, 0603"
"C810","4.7uF","Capacitor_SMD:C_0402_1005Metric","1","","","Capacitor, MLCC, X5R, 25V, 5%, 0402"
"C811","100nF","Capacitor_SMD:C_0402_1005Metric","1","","C0805F104K1RACAUTO","Capacitor, MLCC, X7R, 50V, 5%, 100nF, 0603"
"C812","10uF","Capacitor_SMD:C_0402_1005Metric","1","","TAJD106K050RNJ","Capacitor, Tantalum, 50V, 10%, 10uF, 0805"
"C813","150pF","Capacitor_SMD:C_0402_1005Metric","1","","06033A151FAT2A","Capacitor, MLCC, NP0, 50V, 5%, 150pF, 0603"
"C814","150pF","Capacitor_SMD:C_0402_1005Metric","1","","06033A151FAT2A","Capacitor, MLCC, NP0, 50V, 5%, 150pF, 0603"
"C815","8nF 1%","Capacitor_SMD:C_0805_2012Metric","1","","","Unpolarized capacitor"
"C816","1uF","Capacitor_SMD:C_0402_1005Metric","1","","GRM155R61E105KE11D","Capacitor, MLCC, X5R, 25V, 10%, 1uF, 0402"
"C817","8nF 1%","Capacitor_SMD:C_0805_2012Metric","1","","","Unpolarized capacitor"
"C818","100nF","Capacitor_SMD:C_0402_1005Metric","1","","C0805F104K1RACAUTO","Capacitor, MLCC, X7R, 50V, 5%, 100nF, 0603"
"C819","4.7uF","Capacitor_SMD:C_0402_1005Metric","1","","","Capacitor, MLCC, X5R, 25V, 5%, 0402"
"C820","8nF 1%","Capacitor_SMD:C_0805_2012Metric","1","","","Unpolarized capacitor"
"C821","2.2nF","Capacitor_SMD:C_0402_1005Metric","1","","","Capacitor, MLCC, NP0, 25V, 5%, 0603"
"C822","100nF","Capacitor_SMD:C_0402_1005Metric","1","","C0805F104K1RACAUTO","Capacitor, MLCC, X7R, 50V, 5%, 100nF, 0603"
"C823","8nF 1%","Capacitor_SMD:C_0805_2012Metric","1","","","Unpolarized capacitor"
"C824","4.7uF","Capacitor_SMD:C_0402_1005Metric","1","","","Capacitor, MLCC, X5R, 25V, 5%, 0402"
"C825","100nF","Capacitor_SMD:C_1206_3216Metric","1","","GRM3195C2A104JA01D","Capacitor, MLCC, NP0, 100V, 5%, 100nF, 1206"
"C826","8nF 1%","Capacitor_SMD:C_0805_2012Metric","1","","","Unpolarized capacitor"
"C827","150pF","Capacitor_SMD:C_0402_1005Metric","1","","06033A151FAT2A","Capacitor, MLCC, NP0, 50V, 5%, 150pF, 0603"
"C828","150pF","Capacitor_SMD:C_0402_1005Metric","1","","06033A151FAT2A","Capacitor, MLCC, NP0, 50V, 5%, 150pF, 0603"
"C829","8nF 1%","Capacitor_SMD:C_0805_2012Metric","1","","","Unpolarized capacitor"
"C830","8nF 1%","Capacitor_SMD:C_0805_2012Metric","1","","","Unpolarized capacitor"
"C831","4.7uF","Capacitor_SMD:C_0402_1005Metric","1","","","Capacitor, MLCC, X5R, 25V, 5%, 0402"
"C832","8nF 1%","Capacitor_SMD:C_0805_2012Metric","1","","","Unpolarized capacitor"
"C833","2.2nF","Capacitor_SMD:C_0402_1005Metric","1","","","Capacitor, MLCC, NP0, 25V, 5%, 0603"
"C834","4.7uF","Capacitor_SMD:C_0402_1005Metric","1","","","Capacitor, MLCC, X5R, 25V, 5%, 0402"
"C835","150pF","Capacitor_SMD:C_0402_1005Metric","1","","06033A151FAT2A","Capacitor, MLCC, NP0, 50V, 5%, 150pF, 0603"
"C836","150pF","Capacitor_SMD:C_0402_1005Metric","1","","06033A151FAT2A","Capacitor, MLCC, NP0, 50V, 5%, 150pF, 0603"
"C837","100nF","Capacitor_SMD:C_0402_1005Metric","1","","C0805F104K1RACAUTO","Capacitor, MLCC, X7R, 50V, 5%, 100nF, 0603"
"C838","4.7uF","Capacitor_SMD:C_0402_1005Metric","1","","","Capacitor, MLCC, X5R, 25V, 5%, 0402"
"C839","2.2nF","Capacitor_SMD:C_0402_1005Metric","1","","","Capacitor, MLCC, NP0, 25V, 5%, 0603"
"C840","4.7uF","Capacitor_SMD:C_0402_1005Metric","1","","","Capacitor, MLCC, X5R, 25V, 5%, 0402"
"C841","150pF","Capacitor_SMD:C_0402_1005Metric","1","","06033A151FAT2A","Capacitor, MLCC, NP0, 50V, 5%, 150pF, 0603"
"C842","150pF","Capacitor_SMD:C_0402_1005Metric","1","","06033A151FAT2A","Capacitor, MLCC, NP0, 50V, 5%, 150pF, 0603"
"C843","100nF","Capacitor_SMD:C_0402_1005Metric","1","","C0805F104K1RACAUTO","Capacitor, MLCC, X7R, 50V, 5%, 100nF, 0603"
"C844","100nF","Capacitor_SMD:C_0402_1005Metric","1","","C0805F104K1RACAUTO","Capacitor, MLCC, X7R, 50V, 5%, 100nF, 0603"
"C845","100nF","Capacitor_SMD:C_1206_3216Metric","1","","GRM3195C2A104JA01D","Capacitor, MLCC, NP0, 100V, 5%, 100nF, 1206"
"C901","1uF","Capacitor_SMD:C_0402_1005Metric","1","","GRM155R61E105KE11D","Capacitor, MLCC, X5R, 25V, 10%, 1uF, 0402"
"C902","100nF","Capacitor_SMD:C_0402_1005Metric","1","","C0805F104K1RACAUTO","Capacitor, MLCC, X7R, 50V, 5%, 100nF, 0603"
"C903","100nF","Capacitor_SMD:C_0402_1005Metric","1","","C0805F104K1RACAUTO","Capacitor, MLCC, X7R, 50V, 5%, 100nF, 0603"
"C904","100nF","Capacitor_SMD:C_0402_1005Metric","1","","C0805F104K1RACAUTO","Capacitor, MLCC, X7R, 50V, 5%, 100nF, 0603"
"C905","10uF","Capacitor_SMD:C_0402_1005Metric","1","","TAJD106K050RNJ","Capacitor, Tantalum, 50V, 10%, 10uF, 0805"
"C906","4.7uF","Capacitor_SMD:C_0402_1005Metric","1","","","Capacitor, MLCC, X5R, 25V, 5%, 0402"
"C907","2.2nF","Capacitor_SMD:C_0402_1005Metric","1","","","Capacitor, MLCC, NP0, 25V, 5%, 0603"
"C908","10uF","Capacitor_SMD:C_0402_1005Metric","1","","TAJD106K050RNJ","Capacitor, Tantalum, 50V, 10%, 10uF, 0805"
"C909","100nF","Capacitor_SMD:C_0402_1005Metric","1","","C0805F104K1RACAUTO","Capacitor, MLCC, X7R, 50V, 5%, 100nF, 0603"
"C910","4.7uF","Capacitor_SMD:C_0402_1005Metric","1","","","Capacitor, MLCC, X5R, 25V, 5%, 0402"
"C911","100nF","Capacitor_SMD:C_0402_1005Metric","1","","C0805F104K1RACAUTO","Capacitor, MLCC, X7R, 50V, 5%, 100nF, 0603"
"C912","10uF","Capacitor_SMD:C_0402_1005Metric","1","","TAJD106K050RNJ","Capacitor, Tantalum, 50V, 10%, 10uF, 0805"
"C913","150pF","Capacitor_SMD:C_0402_1005Metric","1","","06033A151FAT2A","Capacitor, MLCC, NP0, 50V, 5%, 150pF, 0603"
"C914","150pF","Capacitor_SMD:C_0402_1005Metric","1","","06033A151FAT2A","Capacitor, MLCC, NP0, 50V, 5%, 150pF, 0603"
"C915","8nF 1%","Capacitor_SMD:C_0805_2012Metric","1","","","Unpolarized capacitor"
"C916","1uF","Capacitor_SMD:C_0402_1005Metric","1","","GRM155R61E105KE11D","Capacitor, MLCC, X5R, 25V, 10%, 1uF, 0402"
"C917","8nF 1%","Capacitor_SMD:C_0805_2012Metric","1","","","Unpolarized capacitor"
"C918","100nF","Capacitor_SMD:C_0402_1005Metric","1","","C0805F104K1RACAUTO","Capacitor, MLCC, X7R, 50V, 5%, 100nF, 0603"
"C919","4.7uF","Capacitor_SMD:C_0402_1005Metric","1","","","Capacitor, MLCC, X5R, 25V, 5%, 0402"
"C920","8nF 1%","Capacitor_SMD:C_0805_2012Metric","1","","","Unpolarized capacitor"
"C921","2.2nF","Capacitor_SMD:C_0402_1005Metric","1","","","Capacitor, MLCC, NP0, 25V, 5%, 0603"
"C922","100nF","Capacitor_SMD:C_0402_1005Metric","1","","C0805F104K1RACAUTO","Capacitor, MLCC, X7R, 50V, 5%, 100nF, 0603"
"C923","8nF 1%","Capacitor_SMD:C_0805_2012Metric","1","","","Unpolarized capacitor"
"C924","4.7uF","Capacitor_SMD:C_0402_1005Metric","1","","","Capacitor, MLCC, X5R, 25V, 5%, 0402"
"C925","100nF","Capacitor_SMD:C_1206_3216Metric","1","","GRM3195C2A104JA01D","Capacitor, MLCC, NP0, 100V, 5%, 100nF, 1206"
"C926","8nF 1%","Capacitor_SMD:C_0805_2012Metric","1","","","Unpolarized capacitor"
"C927","150pF","Capacitor_SMD:C_0402_1005Metric","1","","06033A151FAT2A","Capacitor, MLCC, NP0, 50V, 5%, 150pF, 0603"
"C928","150pF","Capacitor_SMD:C_0402_1005Metric","1","","06033A151FAT2A","Capacitor, MLCC, NP0, 50V, 5%, 150pF, 0603"
"C929","8nF 1%","Capacitor_SMD:C_0805_2012Metric","1","","","Unpolarized capacitor"
"C930","8nF 1%","Capacitor_SMD:C_0805_2012Metric","1","","","Unpolarized capacitor"
"C931","4.7uF","Capacitor_SMD:C_0402_1005Metric","1","","","Capacitor, MLCC, X5R, 25V, 5%, 0402"
"C932","8nF 1%","Capacitor_SMD:C_0805_2012Metric","1","","","Unpolarized capacitor"
"C933","2.2nF","Capacitor_SMD:C_0402_1005Metric","1","","","Capacitor, MLCC, NP0, 25V, 5%, 0603"
"C934","4.7uF","Capacitor_SMD:C_0402_1005Metric","1","","","Capacitor, MLCC, X5R, 25V, 5%, 0402"
"C935","150pF","Capacitor_SMD:C_0402_1005Metric","1","","06033A151FAT2A","Capacitor, MLCC, NP0, 50V, 5%, 150pF, 0603"
"C936","150pF","Capacitor_SMD:C_0402_1005Metric","1","","06033A151FAT2A","Capacitor, MLCC, NP0, 50V, 5%, 150pF, 0603"
"C937","100nF","Capacitor_SMD:C_0402_1005Metric","1","","C0805F104K1RACAUTO","Capacitor, MLCC, X7R, 50V, 5%, 100nF, 0603"
"C938","4.7uF","Capacitor_SMD:C_0402_1005Metric","1","","","Capacitor, MLCC, X5R, 25V, 5%, 0402"
"C939","2.2nF","Capacitor_SMD:C_0402_1005Metric","1","","","Capacitor, MLCC, NP0, 25V, 5%, 0603"
"C940","4.7uF","Capacitor_SMD:C_0402_1005Metric","1","","","Capacitor, MLCC, X5R, 25V, 5%, 0402"
"C941","150pF","Capacitor_SMD:C_0402_1005Metric","1","","06033A151FAT2A","Capacitor, MLCC, NP0, 50V, 5%, 150pF, 0603"
"C942","150pF","Capacitor_SMD:C_0402_1005Metric","1","","06033A151FAT2A","Capacitor, MLCC, NP0, 50V, 5%, 150pF, 0603"
"C943","100nF","Capacitor_SMD:C_0402_1005Metric","1","","C0805F104K1RACAUTO","Capacitor, MLCC, X7R, 50V, 5%, 100nF, 0603"
"C944","100nF","Capacitor_SMD:C_0402_1005Metric","1","","C0805F104K1RACAUTO","Capacitor, MLCC, X7R, 50V, 5%, 100nF, 0603"
"C945","100nF","Capacitor_SMD:C_1206_3216Metric","1","","GRM3195C2A104JA01D","Capacitor, MLCC, NP0, 100V, 5%, 100nF, 1206"
"C1001","4.7uF","Capacitor_SMD:C_0402_1005Metric","1","","298D475X9010M2T","Capacitor, Tantalum, 10V, 10%, 4.7uF, 0805"
"C1002","4.7uF","Capacitor_SMD:C_0402_1005Metric","1","","298D475X9010M2T","Capacitor, Tantalum, 10V, 10%, 4.7uF, 0805"
"C1003","100nF","Capacitor_SMD:C_0402_1005Metric","1","","C0805F104K1RACAUTO","Capacitor, MLCC, X7R, 50V, 5%, 100nF, 0603"
"C1004","100nF","Capacitor_SMD:C_0402_1005Metric","1","","C0805F104K1RACAUTO","Capacitor, MLCC, X7R, 50V, 5%, 100nF, 0603"
"C1005","100nF","Capacitor_SMD:C_0402_1005Metric","1","","C0805F104K1RACAUTO","Capacitor, MLCC, X7R, 50V, 5%, 100nF, 0603"
"C1006","100nF","Capacitor_SMD:C_0402_1005Metric","1","","C0805F104K1RACAUTO","Capacitor, MLCC, X7R, 50V, 5%, 100nF, 0603"
"C1007","100nF","Capacitor_SMD:C_0402_1005Metric","1","","C0805F104K1RACAUTO","Capacitor, MLCC, X7R, 50V, 5%, 100nF, 0603"
"C1008","100nF","Capacitor_SMD:C_0402_1005Metric","1","","C0805F104K1RACAUTO","Capacitor, MLCC, X7R, 50V, 5%, 100nF, 0603"
"C1009","100nF","Capacitor_SMD:C_0402_1005Metric","1","","C0805F104K1RACAUTO","Capacitor, MLCC, X7R, 50V, 5%, 100nF, 0603"
"C1201","100nF","Capacitor_SMD:C_0402_1005Metric","1","","C0805F104K1RACAUTO","Capacitor, MLCC, X7R, 50V, 5%, 100nF, 0603"
"C1202","100nF","Capacitor_SMD:C_0402_1005Metric","1","","C0805F104K1RACAUTO","Capacitor, MLCC, X7R, 50V, 5%, 100nF, 0603"
"C1203","100nF","Capacitor_SMD:C_0402_1005Metric","1","","C0805F104K1RACAUTO","Capacitor, MLCC, X7R, 50V, 5%, 100nF, 0603"
"C1204","100nF","Capacitor_SMD:C_0402_1005Metric","1","","C0805F104K1RACAUTO","Capacitor, MLCC, X7R, 50V, 5%, 100nF, 0603"
"C1205","100nF","Capacitor_SMD:C_0402_1005Metric","1","","C0805F104K1RACAUTO","Capacitor, MLCC, X7R, 50V, 5%, 100nF, 0603"
"C1206","100nF","Capacitor_SMD:C_0402_1005Metric","1","","C0805F104K1RACAUTO","Capacitor, MLCC, X7R, 50V, 5%, 100nF, 0603"
"C1207","27pF","Capacitor_SMD:C_0402_1005Metric","1","","","capacitor, small US symbol"
"C1208","27pF","Capacitor_SMD:C_0402_1005Metric","1","","","capacitor, small US symbol"
"C1209","27pF","Capacitor_SMD:C_0402_1005Metric","1","","","capacitor, small US symbol"
"C1401","4.7uF","Capacitor_SMD:C_0402_1005Metric","1","","298D475X9010M2T","Capacitor, Tantalum, 10V, 10%, 4.7uF, 0805"
"C1402","4.7uF","Capacitor_SMD:C_0402_1005Metric","1","","298D475X9010M2T","Capacitor, Tantalum, 10V, 10%, 4.7uF, 0805"
"C1403","100nF","Capacitor_SMD:C_0402_1005Metric","1","","C0805F104K1RACAUTO","Capacitor, MLCC, X7R, 50V, 5%, 100nF, 0603"
"C1404","100nF","Capacitor_SMD:C_0402_1005Metric","1","","C0805F104K1RACAUTO","Capacitor, MLCC, X7R, 50V, 5%, 100nF, 0603"
"C1405","100nF","Capacitor_SMD:C_0402_1005Metric","1","","C0805F104K1RACAUTO","Capacitor, MLCC, X7R, 50V, 5%, 100nF, 0603"
"C1406","100nF","Capacitor_SMD:C_0402_1005Metric","1","","C0805F104K1RACAUTO","Capacitor, MLCC, X7R, 50V, 5%, 100nF, 0603"
"C1407","100nF","Capacitor_SMD:C_0402_1005Metric","1","","C0805F104K1RACAUTO","Capacitor, MLCC, X7R, 50V, 5%, 100nF, 0603"
"C1408","100nF","Capacitor_SMD:C_0402_1005Metric","1","","C0805F104K1RACAUTO","Capacitor, MLCC, X7R, 50V, 5%, 100nF, 0603"
"C1409","100nF","Capacitor_SMD:C_0402_1005Metric","1","","C0805F104K1RACAUTO","Capacitor, MLCC, X7R, 50V, 5%, 100nF, 0603"
"C1501","100nF","Capacitor_SMD:C_0402_1005Metric","1","","C0805F104K1RACAUTO","Capacitor, MLCC, X7R, 50V, 5%, 100nF, 0603"
"C1502","10uF","Capacitor_SMD:C_0603_1608Metric","1","","81-GXT155R71E223KE1D","Capacitor, MLCC, X7R, 25V, 10%, 10uF, 0603"
"C1503","1uF","Capacitor_SMD:C_0402_1005Metric","1","","GRM155R61E105KE11D","Capacitor, MLCC, X5R, 25V, 10%, 1uF, 0402"
"C1504","1uF","Capacitor_SMD:C_0402_1005Metric","1","","","Unpolarized capacitor"
"C1505","1uF","Capacitor_SMD:C_0402_1005Metric","1","","GRM155R61E105KE11D","Capacitor, MLCC, X5R, 25V, 10%, 1uF, 0402"
"C1506","10uF","Capacitor_SMD:C_0603_1608Metric","1","","","Unpolarized capacitor"
"C1507","10uF","Capacitor_SMD:C_0603_1608Metric","1","","","Unpolarized capacitor"
"C1508","200pF","Capacitor_SMD:C_0402_1005Metric","1","","C1608C0G1H221F080AA","Capacitor, MLCC, NP0, 50V, 5%, 220pF, 0603"
"C1509","1uF","Capacitor_SMD:C_0402_1005Metric","1","","","Unpolarized capacitor"
"C1510","1uF","Capacitor_SMD:C_0402_1005Metric","1","","","Unpolarized capacitor"
"C1511","100nF","Capacitor_SMD:C_0402_1005Metric","1","","C0805F104K1RACAUTO","Capacitor, MLCC, X7R, 50V, 5%, 100nF, 0603"
"C1512","2.2uF","Capacitor_SMD:C_0402_1005Metric","1","","TMCP1D225MTR2F","Capacitor, Tantalum, 50V, 10%, 2.2uF, CP_EIA-3528-21_Kemet-B"
"C1513","10nF","Capacitor_SMD:C_0402_1005Metric","1","","C0805F104K1RACAUTO","Capacitor, MLCC, X7R, 50V, 5%, 100nF, 0603"
"C1514","10nF","Capacitor_SMD:C_0402_1005Metric","1","","GCM1885C2A103JE02J","Capacitor, MLCC, X7R, 25V, 5%, 10nF, 0603"
"C1515","2.2uF","Capacitor_SMD:C_0402_1005Metric","1","","TMCP1D225MTR2F","Capacitor, Tantalum, 50V, 10%, 2.2uF, CP_EIA-3528-21_Kemet-B"
"C1516","10nF","Capacitor_SMD:C_0402_1005Metric","1","","GCM1885C2A103JE02J","Capacitor, MLCC, X7R, 25V, 5%, 10nF, 0603"
"C1517","10uF","Capacitor_SMD:C_0603_1608Metric","1","","81-GXT155R71E223KE1D","Capacitor, MLCC, X7R, 25V, 10%, 10uF, 0603"
"D101","TPD1E0B04DPY","Diode_SMD:D_SOD-882","1","","","0.13-pF, ±3.6-V, ±8-kV ESD protection diode in 0402 & 0201 packages for USB-C & Antenna"
"D102","SP0402B-ELC-01ETG","Diode_SMD:D_0402_1005Metric","1","","SP0402B-ELC-01ETG","ESD Suppressor Diode TVS Bi-Dir 7V 2-Pin DFN T/R"
"D201","LED_BGRA","Library:UHD111AFKAC3K23E1L3VG5ZB3Z3","1","","UHD111A-FKA-C3K23E1L3VG5ZB3Z3","RGB LED, blue/green/red/anode"
"D1501","SMBJ15A","Diode_SMD:D_SMB","1","","SMBJ15A","600W 14V transient protection zener diode"
"D1502","ESD9B5.0ST5G","Diode_SMD:D_SOD-923","1","","","ESD protection diode, 5.0Vrwm, SOD-923"
"D1503","ESD9B5.0ST5G","Diode_SMD:D_SOD-923","1","","","ESD protection diode, 5.0Vrwm, SOD-923"
"FB201","600","Inductor_SMD:L_0603_1608Metric","1","","MI0603J601R-10","Ferrite bead, small symbol,TDK KPZ1608SHR601ATD25 600 ohm ferrite bead 1A"
"FB1501","600","Inductor_SMD:L_0603_1608Metric","1","","MI0603J601R-10","Ferrite bead, small symbol,TDK KPZ1608SHR601ATD25 600 ohm ferrite bead 1A"
"GD101","350V","Library:GDT3535S1RP","1","","GDT35-35-S1-RP","Gas Discharge Tube with 3 Pins"
"J101","SMA","Library:733910083","1","","733910083","coaxial connector (BNC, SMA, SMB, SMC, Cinch/RCA, LEMO, ...)"
"J102","SMA","Library:733910083","1","","733910083","coaxial connector (BNC, SMA, SMB, SMC, Cinch/RCA, LEMO, ...)"
"J201","68710814022","Library:68710814022","1","","5034800800","Wurth Elektronik 687 Series 0.5mm 8 Way 1 Row Straight PCB Socket Surface Mount Wire to Board"
"J202","FTSH-105-01-L-DV-K","Library:FTSH10501LDVK","1","","","Cortex Debug Connector, standard ARM Cortex-M SWD and JTAG interface SamTec FTSH-105-01-L-DV-K"
"J1501","pwr+data","Library:USB_C_Receptacle_HRO_TYPE-C-31-M-12-bursted","1","","TYPE-C-31-M-12","USB 2.0-only 16P Type-C Receptacle connector"
"L101","47nH","Inductor_SMD:L_0603_1608Metric","1","C98076","AIMC-0603-47NJ-T ","Inductor with ferrite core, small symbol"
"L1501","2.2uH","Inductor_SMD:L_0805_2012Metric","1","","","Inductor, small symbol"
"L1502","1.5uH","Inductor_SMD:L_1210_3225Metric","1","","NLV32T-1R5J-EF","Inductor with ferrite core, small symbol"
"R101","100k","Resistor_SMD:R_0402_1005Metric","1","","ERJ-P08J104V","Resistor, Thin Film, 0.1%, 100k, 0603"
"R201","10k","Resistor_SMD:R_0402_1005Metric","1","","","Resistor, Thin Film, 0.1%, 10k, 0402"
"R202","22","Resistor_SMD:R_0402_1005Metric","1","","","Resistor, Thin Film, 0.1%, 22, 0402"
"R203","22","Resistor_SMD:R_0402_1005Metric","1","","","Resistor, Thin Film, 0.1%, 22, 0402"
"R204","10k","Resistor_SMD:R_0402_1005Metric","1","","","Resistor, Thin Film, 0.1%, 10k, 0402"
"R205","10k","Resistor_SMD:R_0402_1005Metric","1","","","Resistor, Thin Film, 0.1%, 10k, 0402"
"R206","22","Resistor_SMD:R_0402_1005Metric","1","","","Resistor, small US symbol"
"R207","22","Resistor_SMD:R_0402_1005Metric","1","","","Resistor, small US symbol"
"R208","22","Resistor_SMD:R_0402_1005Metric","1","","","Resistor, small US symbol"
"R209","100","Resistor_SMD:R_0402_1005Metric","1","","","Resistor, small US symbol"
"R210","100","Resistor_SMD:R_0402_1005Metric","1","","","Resistor, small US symbol"
"R211","100","Resistor_SMD:R_0402_1005Metric","1","","","Resistor, small US symbol"
"R212","22","Resistor_SMD:R_0402_1005Metric","1","","","Resistor, small US symbol"
"R213","22","Resistor_SMD:R_0402_1005Metric","1","","","Resistor, small US symbol"
"R214","100","Resistor_SMD:R_0402_1005Metric","1","","","Resistor, small US symbol"
"R215","100","Resistor_SMD:R_0402_1005Metric","1","","","Resistor, small US symbol"
"R216","22","Resistor_SMD:R_0402_1005Metric","1","","","Resistor, small US symbol"
"R217","22","Resistor_SMD:R_0402_1005Metric","1","","","Resistor, small US symbol"
"R218","22.1k","Resistor_SMD:R_0402_1005Metric","1","","","Resistor, Thin Film, 0.1%, 22.1k, 0402"
"R219","22","Resistor_SMD:R_0402_1005Metric","1","","","Resistor, small US symbol"
"R220","22","Resistor_SMD:R_0402_1005Metric","1","","","Resistor, small US symbol"
"R221","8.06k","Resistor_SMD:R_0402_1005Metric","1","","","Resistor, Thin Film, 0.1%, 8.06k, 0603"
"R222","330","Resistor_SMD:R_0402_1005Metric","1","","","Resistor, Thin Film, 0.1%, 10k, 0402"
"R223","5.1k","Resistor_SMD:R_0402_1005Metric","1","","","Resistor, Thin Film, 0.1%, 5.1k, 0603"
"R224","5.1k","Resistor_SMD:R_0402_1005Metric","1","","","Resistor, Thin Film, 0.1%, 5.1k, 0603"
"R225","10k","Resistor_SMD:R_0402_1005Metric","1","","","Resistor, Thin Film, 0.1%, 10k, 0402"
"R401","34.4","Resistor_SMD:R_0402_1005Metric","1","","","Resistor, Thin Film, 0.1%, 34.4, 0402"
"R402","34.4","Resistor_SMD:R_0402_1005Metric","1","","","Resistor, Thin Film, 0.1%, 34.4, 0402"
"R403","562","Resistor_SMD:R_0402_1005Metric","1","","","Resistor, Thin Film, 0.1%, 562, 0402"
"R501","34.4","Resistor_SMD:R_0402_1005Metric","1","","","Resistor, Thin Film, 0.1%, 34.4, 0402"
"R502","34.4","Resistor_SMD:R_0402_1005Metric","1","","","Resistor, Thin Film, 0.1%, 34.4, 0402"
"R503","562","Resistor_SMD:R_0402_1005Metric","1","","","Resistor, Thin Film, 0.1%, 562, 0402"
"R601","34.4","Resistor_SMD:R_0402_1005Metric","1","","","Resistor, Thin Film, 0.1%, 34.4, 0402"
"R602","34.4","Resistor_SMD:R_0402_1005Metric","1","","","Resistor, Thin Film, 0.1%, 34.4, 0402"
"R603","562","Resistor_SMD:R_0402_1005Metric","1","","","Resistor, Thin Film, 0.1%, 562, 0402"
"R701","34.4","Resistor_SMD:R_0402_1005Metric","1","","","Resistor, Thin Film, 0.1%, 34.4, 0402"
"R702","34.4","Resistor_SMD:R_0402_1005Metric","1","","","Resistor, Thin Film, 0.1%, 34.4, 0402"
"R703","562","Resistor_SMD:R_0402_1005Metric","1","","","Resistor, Thin Film, 0.1%, 562, 0402"
"R801","100","Resistor_SMD:R_0402_1005Metric","1","","","Resistor, Thin Film, 0.1%, 100, 0402"
"R802","100","Resistor_SMD:R_0402_1005Metric","1","","","Resistor, Thin Film, 0.1%, 100, 0402"
"R803","10k","Resistor_SMD:R_0402_1005Metric","1","","","Resistor, Thin Film, 0.1%, 10k, 0402"
"R804","100","Resistor_SMD:R_0402_1005Metric","1","","","Resistor, Thin Film, 0.1%, 100, 0402"
"R805","100","Resistor_SMD:R_0402_1005Metric","1","","","Resistor, Thin Film, 0.1%, 100, 0402"
"R806","22","Resistor_SMD:R_0402_1005Metric","1","","","Resistor, small US symbol"
"R807","10","Resistor_SMD:R_0402_1005Metric","1","","","Resistor, Thin Film, 0.1%, 10 ohm, 0402"
"R808","22","Resistor_SMD:R_0402_1005Metric","1","","","Resistor, small US symbol"
"R809","100","Resistor_SMD:R_0402_1005Metric","1","","","Resistor, Thin Film, 0.1%, 100, 0402"
"R810","100","Resistor_SMD:R_0402_1005Metric","1","","","Resistor, Thin Film, 0.1%, 100, 0402"
"R811","100","Resistor_SMD:R_0402_1005Metric","1","","","Resistor, Thin Film, 0.1%, 100, 0402"
"R812","100","Resistor_SMD:R_0402_1005Metric","1","","","Resistor, Thin Film, 0.1%, 100, 0402"
"R813","10k","Resistor_SMD:R_0402_1005Metric","1","","","Resistor, Thin Film, 0.1%, 10k, 0402"
"R814","10","Resistor_SMD:R_0402_1005Metric","1","","","Resistor, Thin Film, 0.1%, 10 ohm, 0402"
"R901","100","Resistor_SMD:R_0402_1005Metric","1","","","Resistor, Thin Film, 0.1%, 100, 0402"
"R902","100","Resistor_SMD:R_0402_1005Metric","1","","","Resistor, Thin Film, 0.1%, 100, 0402"
"R903","10k","Resistor_SMD:R_0402_1005Metric","1","","","Resistor, Thin Film, 0.1%, 10k, 0402"
"R904","100","Resistor_SMD:R_0402_1005Metric","1","","","Resistor, Thin Film, 0.1%, 100, 0402"
"R905","100","Resistor_SMD:R_0402_1005Metric","1","","","Resistor, Thin Film, 0.1%, 100, 0402"
"R906","22","Resistor_SMD:R_0402_1005Metric","1","","","Resistor, small US symbol"
"R907","10","Resistor_SMD:R_0402_1005Metric","1","","","Resistor, Thin Film, 0.1%, 10 ohm, 0402"
"R908","22","Resistor_SMD:R_0402_1005Metric","1","","","Resistor, small US symbol"
"R909","100","Resistor_SMD:R_0402_1005Metric","1","","","Resistor, Thin Film, 0.1%, 100, 0402"
"R910","100","Resistor_SMD:R_0402_1005Metric","1","","","Resistor, Thin Film, 0.1%, 100, 0402"
"R911","100","Resistor_SMD:R_0402_1005Metric","1","","","Resistor, Thin Film, 0.1%, 100, 0402"
"R912","100","Resistor_SMD:R_0402_1005Metric","1","","","Resistor, Thin Film, 0.1%, 100, 0402"
"R913","10k","Resistor_SMD:R_0402_1005Metric","1","","","Resistor, Thin Film, 0.1%, 10k, 0402"
"R914","10","Resistor_SMD:R_0402_1005Metric","1","","","Resistor, Thin Film, 0.1%, 10 ohm, 0402"
"R1001","22.1k","Resistor_SMD:R_0402_1005Metric","1","","","Resistor, Thin Film, 0.1%, 22.1k, 0402"
"R1002","10k","Resistor_SMD:R_0402_1005Metric","1","","","Resistor, US symbol"
"R1003","22","Resistor_SMD:R_0402_1005Metric","1","","","Resistor, small US symbol"
"R1201","22","Resistor_SMD:R_0402_1005Metric","1","","","Resistor, small US symbol"
"R1202","330","Resistor_SMD:R_0402_1005Metric","1","","","Resistor, Thin Film, 0.1%, 330, 0402"
"R1203","100k","Resistor_SMD:R_0402_1005Metric","1","","","Resistor, US symbol"
"R1204","100k","Resistor_SMD:R_0402_1005Metric","1","","","Resistor, Thin Film, 0.1%, 100k, 0402"
"R1205","100k","Resistor_SMD:R_0402_1005Metric","1","","","Resistor, US symbol"
"R1206","100k","Resistor_SMD:R_0402_1005Metric","1","","","Resistor, US symbol"
"R1207","330","Resistor_SMD:R_0402_1005Metric","1","","","Resistor, US symbol"
"R1208","330","Resistor_SMD:R_0402_1005Metric","1","","","Resistor, US symbol"
"R1209","330","Resistor_SMD:R_0402_1005Metric","1","","","Resistor, US symbol"
"R1401","22.1k","Resistor_SMD:R_0402_1005Metric","1","","","Resistor, Thin Film, 0.1%, 22.1k, 0402"
"R1402","10k","Resistor_SMD:R_0402_1005Metric","1","","","Resistor, US symbol"
"R1403","22","Resistor_SMD:R_0402_1005Metric","1","","","Resistor, small US symbol"
"R1501","100k","Resistor_SMD:R_0402_1005Metric","1","","","Resistor, Thin Film, 0.1%, 100k, 0402"
"R1502","22.1k","Resistor_SMD:R_0402_1005Metric","1","","","Resistor, Thin Film, 0.1%, 22.1k, 0402"
"R1503","47k","Resistor_SMD:R_0402_1005Metric","1","","","Resistor, US symbol"
"R1504","47k","Resistor_SMD:R_0402_1005Metric","1","","","Resistor, US symbol"
"R1505","34.4","Resistor_SMD:R_0402_1005Metric","1","","","Resistor, Thin Film, 0.1%, 33, 0402"
"R1506","47k","Resistor_SMD:R_0402_1005Metric","1","","","Resistor, US symbol"
"R1507","1k","Resistor_SMD:R_0402_1005Metric","1","","","Resistor, Thin Film, 0.1%, 1k, 0603"
"R1508","1k","Resistor_SMD:R_0402_1005Metric","1","","","Resistor, Thin Film, 0.1%, 1k, 0603"
"R1509","5.1k","Resistor_SMD:R_0402_1005Metric","1","","","Resistor, Thin Film, 0.1%, 5.1k, 0603"
"R1510","5.1k","Resistor_SMD:R_0402_1005Metric","1","","","Resistor, Thin Film, 0.1%, 5.1k, 0603"
"SW201","Push button switch","Library:Panasonic_EVQPUK_EVQPUB","1","","","Push button, side operated, SMD SPST NO"
"T101","BN-43-202, 50:2x22 ohm, 3 turns primary, 2 turns secondary trifilar #30 AWG","Library:Transformer-2P-2S-BN-43-202","1","","","Transformer, 50:2x22 ohm, binocular core"
"U101","SN74LVC2G14DCK3","Library:SOIC_G14DCK3_TEX","1","","",""
"U102","GNSS module","RF_GPS:ublox_MAX","1","C5117921","TESEO-LIV3R","GNSS Module"
"U103","SN74LVC2G14DCK3","Library:SOIC_G14DCK3_TEX","1","","",""
"U201","STM32H753VITx","Package_QFP:LQFP-100_14x14mm_P0.5mm","1","","","STMicroelectronics Arm Cortex-M7 MCU, 2048KB flash, 1024KB RAM, 480 MHz, 1.71-3.6V, 82 GPIO, LQFP100"
"U202","USB3343","Package_DFN_QFN:QFN-24-1EP_4x4mm_P0.5mm_EP2.6x2.6mm","1","","USB3343-CP-TR","Hi-Speed USB ULPI Transceiver, QFN-24"
"U301","AS183-92LF","Library:SOT65P220X110-6N","1","","AS183-92LF","RF Switch ICs .3-2500MHz IL .3dB IP3 +43dBm"
"U302","AS183-92LF","Library:SOT65P220X110-6N","1","","AS183-92LF","RF Switch ICs .3-2500MHz IL .3dB IP3 +43dBm"
"U303","AS183-92LF","Library:SOT65P220X110-6N","1","","AS183-92LF","RF Switch ICs .3-2500MHz IL .3dB IP3 +43dBm"
"U304","AS183-92LF","Library:SOT65P220X110-6N","1","","AS183-92LF","RF Switch ICs .3-2500MHz IL .3dB IP3 +43dBm"
"U305","AS183-92LF","Library:SOT65P220X110-6N","1","","AS183-92LF","RF Switch ICs .3-2500MHz IL .3dB IP3 +43dBm"
"U306","AS183-92LF","Library:SOT65P220X110-6N","1","","AS183-92LF","RF Switch ICs .3-2500MHz IL .3dB IP3 +43dBm"
"U307","AS183-92LF","Library:SOT65P220X110-6N","1","","AS183-92LF","RF Switch ICs .3-2500MHz IL .3dB IP3 +43dBm"
"U308","AS183-92LF","Library:SOT65P220X110-6N","1","","AS183-92LF","RF Switch ICs .3-2500MHz IL .3dB IP3 +43dBm"
"U309","SN74LVC2G14DCK3","Library:SOIC_G14DCK3_TEX","1","","",""
"U401","AS183-92LF","Library:SOT65P220X110-6N","1","","AS183-92LF","RF Switch ICs .3-2500MHz IL .3dB IP3 +43dBm"
"U402","AS183-92LF","Library:SOT65P220X110-6N","1","","AS183-92LF","RF Switch ICs .3-2500MHz IL .3dB IP3 +43dBm"
"U501","AS183-92LF","Library:SOT65P220X110-6N","1","","AS183-92LF","RF Switch ICs .3-2500MHz IL .3dB IP3 +43dBm"
"U502","AS183-92LF","Library:SOT65P220X110-6N","1","","AS183-92LF","RF Switch ICs .3-2500MHz IL .3dB IP3 +43dBm"
"U601","AS183-92LF","Library:SOT65P220X110-6N","1","","AS183-92LF","RF Switch ICs .3-2500MHz IL .3dB IP3 +43dBm"
"U602","AS183-92LF","Library:SOT65P220X110-6N","1","","AS183-92LF","RF Switch ICs .3-2500MHz IL .3dB IP3 +43dBm"
"U701","AS183-92LF","Library:SOT65P220X110-6N","1","","AS183-92LF","RF Switch ICs .3-2500MHz IL .3dB IP3 +43dBm"
"U702","AS183-92LF","Library:SOT65P220X110-6N","1","","AS183-92LF","RF Switch ICs .3-2500MHz IL .3dB IP3 +43dBm"
"U801","SN74CBTLV3125RGYR","Library:DGV14","1","","",""
"U802","XLV320ADC5140IRTWR","Library:RTW24_4P15X4P15_TEX","1","","",""
"U803","SN74CBTLV3125RGYR","Library:DGV14","1","","",""
"U804","SN74CBTLV3125RGYR","Library:DGV14","1","","",""
"U805","SN74CBTLV3125RGYR","Library:DGV14","1","","",""
"U901","SN74CBTLV3125RGYR","Library:DGV14","1","","",""
"U902","XLV320ADC5140IRTWR","Library:RTW24_4P15X4P15_TEX","1","","",""
"U903","SN74CBTLV3125RGYR","Library:DGV14","1","","",""
"U904","SN74CBTLV3125RGYR","Library:DGV14","1","","",""
"U905","SN74CBTLV3125RGYR","Library:DGV14","1","","",""
"U1001","ICE40LP384-SG32","Library:QFNS32_LAT","1","","",""
"U1401","ICE40LP384-SG32","Library:QFNS32_LAT","1","","",""
"U1501","TPS74612PQWDRBRQ1","Library:SON65P300X300X100-9N-D","1","","TPS74612PQWDRBRQ1","LDO Voltage Regulators Automotive 1-A, low-IQ, high-PSRR, low-dropout (LDO) voltage regulator with power good 8-SON -40 to 125"
"U1502","LMR51430","Package_TO_SOT_SMD:SOT-23-6","1","","","4.5-V to 36-V, 3-A synchronous buck converter with 40-µA IQ, SOT-23-6"
"U1503","TPS22918DBVR","Library:SOT95P280X145-6N","1","","TPS22918DBVR","5.5V, 2A, 52m load switch with adjustable rise time and adjustable quick output discharge"
"U1504","TPS7A2033PDBVR","Library:DBV0005A-MFG","1","","","300 mA Low Dropout Voltage Regulator, Fixed Output, 1.6..6.0Vin, Low-Noise (7μV RMS), 6.5μA IQ LDO, X2SON-5"
"U1505","OPA320AIDBVR","Library:SOT95P280X145-5N","1","","",""
"Y201","26MHz","Crystal:Crystal_SMD_2520-4Pin_2.5x2.0mm","1","","E2X260181G01","26MHz 18pF 10PPM"
"Y202","26MHz","Crystal:Crystal_SMD_2520-4Pin_2.5x2.0mm","1","","E2X260181G01","26MHz 18pF 10PPM"
"Y1201","40MHz","Library:ECSTXO201633400TR","1","","ECS-TXO-2016-33-400-TR","TCXO Oscillators 40MHz 3.3V 2.5ppm -40C +85C"
"Y1202","Si5351C-B-GM","Package_DFN_QFN:QFN-20-1EP_4x4mm_P0.5mm_EP2.7x2.7mm","1","","","I2C Programmable Any-Frequency CMOS Clock Generator, QFN-20"
