Ref,Qty,Target_Value,Target_Footprint,Target_Voltage,Target_CapType,Search_Query,Existing_MPN,Existing_Mouser_PN,Suggested_MPN,Suggested_Mouser_PN,Notes
C101,1,100nF,1206,100V,NP0,,GRM3195C2A104JA01D,81-GRM31C5C2A104JA1L,GRM31C5C2A104JA01L,81-GRM31C5C2A104JA1L,"Stock: 98915 In Stock, Price: $0.51, WARNING: Voltage mismatch? (Expected 100V)"
C102,1,100nF,1206,100V,NP0,,GRM3195C2A104JA01D,81-GRM31C5C2A104JA1L,GRM31C5C2A104JA01L,81-GRM31C5C2A104JA1L,"Stock: 98915 In Stock, Price: $0.51, WARNING: Voltage mismatch? (Expected 100V)"
C201,1,100nF,0603,50V,X7R,,C0805F104K1RACAUTO,80-C0805F104K1RAUTO,C0805F104K1RACAUTO,80-C0805F104K1RAUTO,"Stock: 21336 In Stock, Price: $0.22, WARNING: Footprint mismatch? (Expected 0603); Voltage mismatch? (Expected 50V)"
C202,1,27pF,0402,50V,NP0,Capacitor NP0 27pF 50V 0402,,,04025A270JAT2A,581-04025A270J,"Stock: 1527101 In Stock, Price: $0.14, WARNING: Footprint mismatch? (Expected 0402); Dielectric mismatch? (Expected NP0)"
C203,1,27pF,0402,50V,NP0,Capacitor NP0 27pF 50V 0402,,,04025A270JAT2A,581-04025A270J,"Stock: 1527101 In Stock, Price: $0.14, WARNING: Footprint mismatch? (Expected 0402); Dielectric mismatch? (Expected NP0)"
C204,1,100nF,0603,50V,X7R,,C0805F104K1RACAUTO,80-C0805F104K1RAUTO,C0805F104K1RACAUTO,80-C0805F104K1RAUTO,"Stock: 21336 In Stock, Price: $0.22, WARNING: Footprint mismatch? (Expected 0603); Voltage mismatch? (Expected 50V)"
C205,1,2.2uF,0603,50V,X7R,Capacitor X7R 2.2uF 50V 0603,,,CML0603X7R104KT50V,708-CML0603X7R104K50,"Stock: 19515 In Stock, Price: $0.10"
C206,1,2.2uF,0603,50V,X7R,Capacitor X7R 2.2uF 50V 0603,,,CML0603X7R104KT50V,708-CML0603X7R104K50,"Stock: 19515 In Stock, Price: $0.10"
C207,1,27pF,0402,50V,NP0,Capacitor NP0 27pF 50V 0402,,,04025A270JAT2A,581-04025A270J,"Stock: 1527101 In Stock, Price: $0.14, WARNING: Footprint mismatch? (Expected 0402); Dielectric mismatch? (Expected NP0)"
C208,1,27pF,0402,50V,NP0,Capacitor NP0 27pF 50V 0402,,,04025A270JAT2A,581-04025A270J,"Stock: 1527101 In Stock, Price: $0.14, WARNING: Footprint mismatch? (Expected 0402); Dielectric mismatch? (Expected NP0)"
C209,1,1uF,0402,25V,X5R,,GRM155R61E105KE11D,81-GRM155R61E105KE1D,GRM155R61E105KE11D,81-GRM155R61E105KE1D,"Stock: 59665 In Stock, Price: $0.11, WARNING: Voltage mismatch? (Expected 25V)"
C210,1,1uF,0402,25V,X5R,,GRM155R61E105KE11D,81-GRM155R61E105KE1D,GRM155R61E105KE11D,81-GRM155R61E105KE1D,"Stock: 59665 In Stock, Price: $0.11, WARNING: Voltage mismatch? (Expected 25V)"
C211,1,100nF,0603,50V,X7R,,C0805F104K1RACAUTO,80-C0805F104K1RAUTO,C0805F104K1RACAUTO,80-C0805F104K1RAUTO,"Stock: 21336 In Stock, Price: $0.22, WARNING: Footprint mismatch? (Expected 0603); Voltage mismatch? (Expected 50V)"
C212,1,100nF,0603,50V,X7R,,C0805F104K1RACAUTO,80-C0805F104K1RAUTO,C0805F104K1RACAUTO,80-C0805F104K1RAUTO,"Stock: 21336 In Stock, Price: $0.22, WARNING: Footprint mismatch? (Expected 0603); Voltage mismatch? (Expected 50V)"
C213,1,10uF,0603,25V,X7R,,81-GXT155R71E223KE1D,963-MLAST168BB5106MT,MLAST168BB5106MTNA01,963-MLAST168BB5106MT,"Stock: N/A, Price: $0.39, WARNING: Dielectric mismatch? (Expected X7R)"
C214,1,1uF,0402,25V,X5R,,GRM155R61E105KE11D,81-GRM155R61E105KE1D,GRM155R61E105KE11D,81-GRM155R61E105KE1D,"Stock: 59665 In Stock, Price: $0.11, WARNING: Voltage mismatch? (Expected 25V)"
C215,1,1uF,0402,25V,X5R,,GRM155R61E105KE11D,81-GRM155R61E105KE1D,GRM155R61E105KE11D,81-GRM155R61E105KE1D,"Stock: 59665 In Stock, Price: $0.11, WARNING: Voltage mismatch? (Expected 25V)"
C216,1,10uF,0603,25V,X7R,,81-GXT155R71E223KE1D,963-MLAST168BB5106MT,MLAST168BB5106MTNA01,963-MLAST168BB5106MT,"Stock: N/A, Price: $0.39, WARNING: Dielectric mismatch? (Expected X7R)"
C217,1,47uF,1206,25V,X5R,,TCTAL1A107M8R-V1,755-TCTAL1A107M8R-V1,TCTAL1A107M8R-V1,755-TCTAL1A107M8R-V1,"Stock: N/A, Price: N/A, WARNING: Footprint mismatch? (Expected 1206); Voltage mismatch? (Expected 25V); Dielectric mismatch? (Expected X5R)"
C218,1,10uF,0603,25V,X7R,,81-GXT155R71E223KE1D,963-MLAST168BB5106MT,MLAST168BB5106MTNA01,963-MLAST168BB5106MT,"Stock: N/A, Price: $0.39, WARNING: Dielectric mismatch? (Expected X7R)"
C219,1,100nF,0603,50V,X7R,,C0805F104K1RACAUTO,80-C0805F104K1RAUTO,C0805F104K1RACAUTO,80-C0805F104K1RAUTO,"Stock: 21336 In Stock, Price: $0.22, WARNING: Footprint mismatch? (Expected 0603); Voltage mismatch? (Expected 50V)"
C220,1,10uF,0603,25V,X7R,,81-GXT155R71E223KE1D,963-MLAST168BB5106MT,MLAST168BB5106MTNA01,963-MLAST168BB5106MT,"Stock: N/A, Price: $0.39, WARNING: Dielectric mismatch? (Expected X7R)"
C221,1,1uF,0402,25V,X5R,,GRM155R61E105KE11D,81-GRM155R61E105KE1D,GRM155R61E105KE11D,81-GRM155R61E105KE1D,"Stock: 59665 In Stock, Price: $0.11, WARNING: Voltage mismatch? (Expected 25V)"
C222,1,100nF,0603,50V,X7R,,C0805F104K1RACAUTO,80-C0805F104K1RAUTO,C0805F104K1RACAUTO,80-C0805F104K1RAUTO,"Stock: 21336 In Stock, Price: $0.22, WARNING: Footprint mismatch? (Expected 0603); Voltage mismatch? (Expected 50V)"
C223,1,1uF,0402,25V,X5R,,GRM155R61E105KE11D,81-GRM155R61E105KE1D,GRM155R61E105KE11D,81-GRM155R61E105KE1D,"Stock: 59665 In Stock, Price: $0.11, WARNING: Voltage mismatch? (Expected 25V)"
C224,1,100nF,0603,50V,X7R,,C0805F104K1RACAUTO,80-C0805F104K1RAUTO,C0805F104K1RACAUTO,80-C0805F104K1RAUTO,"Stock: 21336 In Stock, Price: $0.22, WARNING: Footprint mismatch? (Expected 0603); Voltage mismatch? (Expected 50V)"
C225,1,4.7uF,0805,10V,tant,,298D475X9010M2T,74-298D475X9010M2T,298D475X9010M2T,74-298D475X9010M2T,"Stock: 6346 In Stock, Price: $1.15, WARNING: Footprint mismatch? (Expected 0805)"
C226,1,100nF,0603,50V,X7R,,C0805F104K1RACAUTO,80-C0805F104K1RAUTO,C0805F104K1RACAUTO,80-C0805F104K1RAUTO,"Stock: 21336 In Stock, Price: $0.22, WARNING: Footprint mismatch? (Expected 0603); Voltage mismatch? (Expected 50V)"
C227,1,10uF,0603,25V,X7R,,81-GXT155R71E223KE1D,963-MLAST168BB5106MT,MLAST168BB5106MTNA01,963-MLAST168BB5106MT,"Stock: N/A, Price: $0.39, WARNING: Dielectric mismatch? (Expected X7R)"
C228,1,100nF,0603,50V,X7R,,C0805F104K1RACAUTO,80-C0805F104K1RAUTO,C0805F104K1RACAUTO,80-C0805F104K1RAUTO,"Stock: 21336 In Stock, Price: $0.22, WARNING: Footprint mismatch? (Expected 0603); Voltage mismatch? (Expected 50V)"
C229,1,100nF,0603,50V,X7R,,C0805F104K1RACAUTO,80-C0805F104K1RAUTO,C0805F104K1RACAUTO,80-C0805F104K1RAUTO,"Stock: 21336 In Stock, Price: $0.22, WARNING: Footprint mismatch? (Expected 0603); Voltage mismatch? (Expected 50V)"
C230,1,100nF,0603,50V,X7R,,C0805F104K1RACAUTO,80-C0805F104K1RAUTO,C0805F104K1RACAUTO,80-C0805F104K1RAUTO,"Stock: 21336 In Stock, Price: $0.22, WARNING: Footprint mismatch? (Expected 0603); Voltage mismatch? (Expected 50V)"
C231,1,100nF,0603,50V,X7R,,C0805F104K1RACAUTO,80-C0805F104K1RAUTO,C0805F104K1RACAUTO,80-C0805F104K1RAUTO,"Stock: 21336 In Stock, Price: $0.22, WARNING: Footprint mismatch? (Expected 0603); Voltage mismatch? (Expected 50V)"
C301,1,2.2uF,CP_EIA-3528-21_Kemet-B,50V,tant,,TMCP1D225MTR2F,74-TMCP1D225MTR2F,TMCP1D225MTR2F,74-TMCP1D225MTR2F,"Stock: 2986 In Stock, Price: $0.42, WARNING: Footprint mismatch? (Expected CP_EIA-3528-21_Kemet-B); Voltage mismatch? (Expected 50V)"
C302,1,2.2uF,CP_EIA-3528-21_Kemet-B,50V,tant,,TMCP1D225MTR2F,74-TMCP1D225MTR2F,TMCP1D225MTR2F,74-TMCP1D225MTR2F,"Stock: 2986 In Stock, Price: $0.42, WARNING: Footprint mismatch? (Expected CP_EIA-3528-21_Kemet-B); Voltage mismatch? (Expected 50V)"
C303,1,10nF,0603,25V,X7R,,GCM1885C2A103JE02J,81-GCM1885C2A103JE2J,GCM1885C2A103JE02J,81-GCM1885C2A103JE2J,"Stock: 7461 In Stock, Price: $0.19, WARNING: Voltage mismatch? (Expected 25V); Dielectric mismatch? (Expected X7R)"
C304,1,10nF,0603,25V,X7R,,GCM1885C2A103JE02J,81-GCM1885C2A103JE2J,GCM1885C2A103JE02J,81-GCM1885C2A103JE2J,"Stock: 7461 In Stock, Price: $0.19, WARNING: Voltage mismatch? (Expected 25V); Dielectric mismatch? (Expected X7R)"
C305,1,2.2uF,CP_EIA-3528-21_Kemet-B,50V,tant,,TMCP1D225MTR2F,74-TMCP1D225MTR2F,TMCP1D225MTR2F,74-TMCP1D225MTR2F,"Stock: 2986 In Stock, Price: $0.42, WARNING: Footprint mismatch? (Expected CP_EIA-3528-21_Kemet-B); Voltage mismatch? (Expected 50V)"
C306,1,2.2uF,CP_EIA-3528-21_Kemet-B,50V,tant,,TMCP1D225MTR2F,74-TMCP1D225MTR2F,TMCP1D225MTR2F,74-TMCP1D225MTR2F,"Stock: 2986 In Stock, Price: $0.42, WARNING: Footprint mismatch? (Expected CP_EIA-3528-21_Kemet-B); Voltage mismatch? (Expected 50V)"
C307,1,100nF,0603,50V,X7R,,C0805F104K1RACAUTO,80-C0805F104K1RAUTO,C0805F104K1RACAUTO,80-C0805F104K1RAUTO,"Stock: 21336 In Stock, Price: $0.22, WARNING: Footprint mismatch? (Expected 0603); Voltage mismatch? (Expected 50V)"
C308,1,100nF,0603,50V,X7R,,C0805F104K1RACAUTO,80-C0805F104K1RAUTO,C0805F104K1RACAUTO,80-C0805F104K1RAUTO,"Stock: 21336 In Stock, Price: $0.22, WARNING: Footprint mismatch? (Expected 0603); Voltage mismatch? (Expected 50V)"
C309,1,4.7uF,0805,10V,tant,,298D475X9010M2T,74-298D475X9010M2T,298D475X9010M2T,74-298D475X9010M2T,"Stock: 6346 In Stock, Price: $1.15, WARNING: Footprint mismatch? (Expected 0805)"
C310,1,10uF,0805,50V,tant,,TAJD106K050RNJ,581-TAJD106K050R,TAJD106K050RNJ,581-TAJD106K050R,"Stock: 24079 In Stock, Price: $1.60, WARNING: Footprint mismatch? (Expected 0805)"
C311,1,100nF,0603,50V,X7R,,C0805F104K1RACAUTO,80-C0805F104K1RAUTO,C0805F104K1RACAUTO,80-C0805F104K1RAUTO,"Stock: 21336 In Stock, Price: $0.22, WARNING: Footprint mismatch? (Expected 0603); Voltage mismatch? (Expected 50V)"
C312,1,100nF,0603,50V,X7R,,C0805F104K1RACAUTO,80-C0805F104K1RAUTO,C0805F104K1RACAUTO,80-C0805F104K1RAUTO,"Stock: 21336 In Stock, Price: $0.22, WARNING: Footprint mismatch? (Expected 0603); Voltage mismatch? (Expected 50V)"
C313,1,10uF,0805,50V,tant,,TAJD106K050RNJ,581-TAJD106K050R,TAJD106K050RNJ,581-TAJD106K050R,"Stock: 24079 In Stock, Price: $1.60, WARNING: Footprint mismatch? (Expected 0805)"
C314,1,4.7uF,0805,10V,tant,,298D475X9010M2T,74-298D475X9010M2T,298D475X9010M2T,74-298D475X9010M2T,"Stock: 6346 In Stock, Price: $1.15, WARNING: Footprint mismatch? (Expected 0805)"
C315,1,100nF,0603,50V,X7R,,C0805F104K1RACAUTO,80-C0805F104K1RAUTO,C0805F104K1RACAUTO,80-C0805F104K1RAUTO,"Stock: 21336 In Stock, Price: $0.22, WARNING: Footprint mismatch? (Expected 0603); Voltage mismatch? (Expected 50V)"
C316,1,1uF,0402,25V,X5R,,GRM155R61E105KE11D,81-GRM155R61E105KE1D,GRM155R61E105KE11D,81-GRM155R61E105KE1D,"Stock: 59665 In Stock, Price: $0.11, WARNING: Voltage mismatch? (Expected 25V)"
C317,1,10uF,0805,50V,tant,,TAJD106K050RNJ,581-TAJD106K050R,TAJD106K050RNJ,581-TAJD106K050R,"Stock: 24079 In Stock, Price: $1.60, WARNING: Footprint mismatch? (Expected 0805)"
C318,1,100nF,0603,50V,X7R,,C0805F104K1RACAUTO,80-C0805F104K1RAUTO,C0805F104K1RACAUTO,80-C0805F104K1RAUTO,"Stock: 21336 In Stock, Price: $0.22, WARNING: Footprint mismatch? (Expected 0603); Voltage mismatch? (Expected 50V)"
C319,1,100nF,0603,50V,X7R,,C0805F104K1RACAUTO,80-C0805F104K1RAUTO,C0805F104K1RACAUTO,80-C0805F104K1RAUTO,"Stock: 21336 In Stock, Price: $0.22, WARNING: Footprint mismatch? (Expected 0603); Voltage mismatch? (Expected 50V)"
C320,1,10uF,0805,50V,tant,,TAJD106K050RNJ,581-TAJD106K050R,TAJD106K050RNJ,581-TAJD106K050R,"Stock: 24079 In Stock, Price: $1.60, WARNING: Footprint mismatch? (Expected 0805)"
C321,1,100nF,0603,50V,X7R,,C0805F104K1RACAUTO,80-C0805F104K1RAUTO,C0805F104K1RACAUTO,80-C0805F104K1RAUTO,"Stock: 21336 In Stock, Price: $0.22, WARNING: Footprint mismatch? (Expected 0603); Voltage mismatch? (Expected 50V)"
C401,1,100nF,1206,50V,NP0,,GRM3195C2A104JA01D,81-GRM31C5C2A104JA1L,GRM31C5C2A104JA01L,81-GRM31C5C2A104JA1L,"Stock: 98915 In Stock, Price: $0.51, WARNING: Voltage mismatch? (Expected 50V)"
C402,1,10uF,0603,25V,X7R,,81-GXT155R71E223KE1D,963-MLAST168BB5106MT,MLAST168BB5106MTNA01,963-MLAST168BB5106MT,"Stock: N/A, Price: $0.39, WARNING: Dielectric mismatch? (Expected X7R)"
C403,1,100nF,0603,50V,X7R,,C0805F104K1RACAUTO,80-C0805F104K1RAUTO,C0805F104K1RACAUTO,80-C0805F104K1RAUTO,"Stock: 21336 In Stock, Price: $0.22, WARNING: Footprint mismatch? (Expected 0603); Voltage mismatch? (Expected 50V)"
C404,1,100nF,0603,50V,X7R,,C0805F104K1RACAUTO,80-C0805F104K1RAUTO,C0805F104K1RACAUTO,80-C0805F104K1RAUTO,"Stock: 21336 In Stock, Price: $0.22, WARNING: Footprint mismatch? (Expected 0603); Voltage mismatch? (Expected 50V)"
C405,1,470pF,0603,50V,NP0,,KGM15ACG1H471FT,581-KGM15ACG1H471FT,KGM15ACG1H471FT,581-KGM15ACG1H471FT,"Stock: N/A, Price: $0.33"
C406,1,470pF,0603,50V,NP0,,KGM15ACG1H471FT,581-KGM15ACG1H471FT,KGM15ACG1H471FT,581-KGM15ACG1H471FT,"Stock: N/A, Price: $0.33"
C407,1,470pF,0603,50V,NP0,,KGM15ACG1H471FT,581-KGM15ACG1H471FT,KGM15ACG1H471FT,581-KGM15ACG1H471FT,"Stock: N/A, Price: $0.33"
C408,1,470pF,0603,50V,NP0,,KGM15ACG1H471FT,581-KGM15ACG1H471FT,KGM15ACG1H471FT,581-KGM15ACG1H471FT,"Stock: N/A, Price: $0.33"
C501,1,100nF,1206,50V,NP0,,GRM3195C2A104JA01D,81-GRM31C5C2A104JA1L,GRM31C5C2A104JA01L,81-GRM31C5C2A104JA1L,"Stock: 98915 In Stock, Price: $0.51, WARNING: Voltage mismatch? (Expected 50V)"
C502,1,10uF,0603,25V,X7R,,81-GXT155R71E223KE1D,963-MLAST168BB5106MT,MLAST168BB5106MTNA01,963-MLAST168BB5106MT,"Stock: N/A, Price: $0.39, WARNING: Dielectric mismatch? (Expected X7R)"
C503,1,100nF,0603,50V,X7R,,C0805F104K1RACAUTO,80-C0805F104K1RAUTO,C0805F104K1RACAUTO,80-C0805F104K1RAUTO,"Stock: 21336 In Stock, Price: $0.22, WARNING: Footprint mismatch? (Expected 0603); Voltage mismatch? (Expected 50V)"
C504,1,100nF,0603,50V,X7R,,C0805F104K1RACAUTO,80-C0805F104K1RAUTO,C0805F104K1RACAUTO,80-C0805F104K1RAUTO,"Stock: 21336 In Stock, Price: $0.22, WARNING: Footprint mismatch? (Expected 0603); Voltage mismatch? (Expected 50V)"
C505,1,470pF,0603,50V,NP0,,KGM15ACG1H471FT,581-KGM15ACG1H471FT,KGM15ACG1H471FT,581-KGM15ACG1H471FT,"Stock: N/A, Price: $0.33"
C506,1,470pF,0603,50V,NP0,,KGM15ACG1H471FT,581-KGM15ACG1H471FT,KGM15ACG1H471FT,581-KGM15ACG1H471FT,"Stock: N/A, Price: $0.33"
C507,1,470pF,0603,50V,NP0,,KGM15ACG1H471FT,581-KGM15ACG1H471FT,KGM15ACG1H471FT,581-KGM15ACG1H471FT,"Stock: N/A, Price: $0.33"
C508,1,470pF,0603,50V,NP0,,KGM15ACG1H471FT,581-KGM15ACG1H471FT,KGM15ACG1H471FT,581-KGM15ACG1H471FT,"Stock: N/A, Price: $0.33"
C601,1,100nF,1206,50V,NP0,,GRM3195C2A104JA01D,81-GRM31C5C2A104JA1L,GRM31C5C2A104JA01L,81-GRM31C5C2A104JA1L,"Stock: 98915 In Stock, Price: $0.51, WARNING: Voltage mismatch? (Expected 50V)"
C602,1,10uF,0603,25V,X7R,,81-GXT155R71E223KE1D,963-MLAST168BB5106MT,MLAST168BB5106MTNA01,963-MLAST168BB5106MT,"Stock: N/A, Price: $0.39, WARNING: Dielectric mismatch? (Expected X7R)"
C603,1,100nF,0603,50V,X7R,,C0805F104K1RACAUTO,80-C0805F104K1RAUTO,C0805F104K1RACAUTO,80-C0805F104K1RAUTO,"Stock: 21336 In Stock, Price: $0.22, WARNING: Footprint mismatch? (Expected 0603); Voltage mismatch? (Expected 50V)"
C604,1,100nF,0603,50V,X7R,,C0805F104K1RACAUTO,80-C0805F104K1RAUTO,C0805F104K1RACAUTO,80-C0805F104K1RAUTO,"Stock: 21336 In Stock, Price: $0.22, WARNING: Footprint mismatch? (Expected 0603); Voltage mismatch? (Expected 50V)"
C605,1,470pF,0603,50V,NP0,,KGM15ACG1H471FT,581-KGM15ACG1H471FT,KGM15ACG1H471FT,581-KGM15ACG1H471FT,"Stock: N/A, Price: $0.33"
C606,1,470pF,0603,50V,NP0,,KGM15ACG1H471FT,581-KGM15ACG1H471FT,KGM15ACG1H471FT,581-KGM15ACG1H471FT,"Stock: N/A, Price: $0.33"
C607,1,470pF,0603,50V,NP0,,KGM15ACG1H471FT,581-KGM15ACG1H471FT,KGM15ACG1H471FT,581-KGM15ACG1H471FT,"Stock: N/A, Price: $0.33"
C608,1,470pF,0603,50V,NP0,,KGM15ACG1H471FT,581-KGM15ACG1H471FT,KGM15ACG1H471FT,581-KGM15ACG1H471FT,"Stock: N/A, Price: $0.33"
C701,1,8pF,0603,50V,NP0,,CGA3E2C0G1H080D080AA,810-CGA3E2C0G1H080D,CGA3E2C0G1H080D080AA,810-CGA3E2C0G1H080D,"Stock: 61594 In Stock, Price: $0.14"
C702,1,16pF,0603,50V,NP0,,CGA3E2C0G1H150J080AA,810-CGA3E2C0G1H150J,CGA3E2C0G1H150J080AA,810-CGA3E2C0G1H150J,"Stock: 11092 In Stock, Price: $0.14"
C703,1,32pF,0603,50V,NP0,,CGA3E2C0G1H330J080AA,810-CGA3E2C0G1H330J,CGA3E2C0G1H330J080AA,810-CGA3E2C0G1H330J,"Stock: 19063 In Stock, Price: $0.14"
C704,1,68pF,0603,50V,NP0,,CGA3E2C0G1H680J080AA,810-CGA3E2C0G1H680J,CGA3E2C0G1H680J080AA,810-CGA3E2C0G1H680J,"Stock: 9557 In Stock, Price: $0.14"
C705,1,130pF,0603,50V,NP0,,CGA3E2C0G1H121J080AA,810-CGA3E2C0G1H121J,CGA3E2C0G1H121J080AA,810-CGA3E2C0G1H121J,"Stock: 10054 In Stock, Price: $0.14"
C706,1,240pF,0603,50V,NP0,,06035A251JAT2A,581-06035A251J,06035A251JAT2A,581-06035A251J,"Stock: 14246 In Stock, Price: $0.26"
C707,1,560pF,0603,50V,NP0,,CGA3E2C0G1H561J080AA,810-CGA3E2C0G1H561J,CGA3E2C0G1H561J080AA,810-CGA3E2C0G1H561J,"Stock: 18614 In Stock, Price: $0.14"
C708,1,1nF,0603,50V,NP0,,C1608C0G1H102J080AA,810-C1608C0G1H102J,C1608C0G1H102J080AA,810-C1608C0G1H102J,"Stock: 190791 In Stock, Price: $0.13"
C709,1,2.2nF,0603,50V,NP0,,CGA3E2C0G1H222J080AE,810-CGA3E2C0G1H222J8,CGA3E2C0G1H222J080AE,810-CGA3E2C0G1H222J8,"Stock: 102309 In Stock, Price: $0.21"
C710,1,3.9nF,0603,50V,NP0,,CGA3E2C0G1H392J080AA,810-CGA3E2C0G1H392J,CGA3E2C0G1H392J080AA,810-CGA3E2C0G1H392J,"Stock: 11787 In Stock, Price: $0.22"
C711,1,4.7nF,0603,50V,NP0,,CGA3E2C0G1H822J080AE,810-CGA3E2C0G1H822J8,CGA3E2C0G1H822J080AE,810-CGA3E2C0G1H822J8,"Stock: 13167 In Stock, Price: $0.32"
C712,1,3.3nF,0603,50V,NP0,,C1608C0G1H332J080AE,810-C1608C0G1H332J08,C1608C0G1H332J080AE,810-C1608C0G1H332J08,"Stock: 8185 In Stock, Price: $0.25"
C1201,1,100nF,0402,,,Capacitor MLCC 100nF 50V 0402,,,0402X7R104KT2AT,581-0402X7R104KT2AT,"Stock: 27967 In Stock, Price: $0.38, WARNING: Footprint mismatch? (Expected 0402)"
C1202,1,100nF,0402,,,Capacitor MLCC 100nF 50V 0402,,,0402X7R104KT2AT,581-0402X7R104KT2AT,"Stock: 27967 In Stock, Price: $0.38, WARNING: Footprint mismatch? (Expected 0402)"
C1203,1,100nF,0402,,,Capacitor MLCC 100nF 50V 0402,,,0402X7R104KT2AT,581-0402X7R104KT2AT,"Stock: 27967 In Stock, Price: $0.38, WARNING: Footprint mismatch? (Expected 0402)"
C1204,1,100nF,0402,,,Capacitor MLCC 100nF 50V 0402,,,0402X7R104KT2AT,581-0402X7R104KT2AT,"Stock: 27967 In Stock, Price: $0.38, WARNING: Footprint mismatch? (Expected 0402)"
C1301,1,10uF,0603,25V,X7R,,81-GXT155R71E223KE1D,963-MLAST168BB5106MT,MLAST168BB5106MTNA01,963-MLAST168BB5106MT,"Stock: N/A, Price: $0.39, WARNING: Dielectric mismatch? (Expected X7R)"
C1302,1,10uF,0603,25V,X7R,,81-GXT155R71E223KE1D,963-MLAST168BB5106MT,MLAST168BB5106MTNA01,963-MLAST168BB5106MT,"Stock: N/A, Price: $0.39, WARNING: Dielectric mismatch? (Expected X7R)"
C1303,1,1uF,0402,25V,X5R,,GRM155R61E105KE11D,81-GRM155R61E105KE1D,GRM155R61E105KE11D,81-GRM155R61E105KE1D,"Stock: 59665 In Stock, Price: $0.11, WARNING: Voltage mismatch? (Expected 25V)"
C1304,1,100nF,0603,50V,X7R,,C0805F104K1RACAUTO,80-C0805F104K1RAUTO,C0805F104K1RACAUTO,80-C0805F104K1RAUTO,"Stock: 21336 In Stock, Price: $0.22, WARNING: Footprint mismatch? (Expected 0603); Voltage mismatch? (Expected 50V)"
C1305,1,10uF,0603,25V,X7R,,81-GXT155R71E223KE1D,963-MLAST168BB5106MT,MLAST168BB5106MTNA01,963-MLAST168BB5106MT,"Stock: N/A, Price: $0.39, WARNING: Dielectric mismatch? (Expected X7R)"
C1306,1,10uF,0603,25V,X7R,,81-GXT155R71E223KE1D,963-MLAST168BB5106MT,MLAST168BB5106MTNA01,963-MLAST168BB5106MT,"Stock: N/A, Price: $0.39, WARNING: Dielectric mismatch? (Expected X7R)"
C1307,1,10uF,0603,25V,X7R,,81-GXT155R71E223KE1D,963-MLAST168BB5106MT,MLAST168BB5106MTNA01,963-MLAST168BB5106MT,"Stock: N/A, Price: $0.39, WARNING: Dielectric mismatch? (Expected X7R)"
C1308,1,10uF,0603,25V,X7R,,81-GXT155R71E223KE1D,963-MLAST168BB5106MT,MLAST168BB5106MTNA01,963-MLAST168BB5106MT,"Stock: N/A, Price: $0.39, WARNING: Dielectric mismatch? (Expected X7R)"
C1309,1,10uF,0603,25V,X7R,,81-GXT155R71E223KE1D,963-MLAST168BB5106MT,MLAST168BB5106MTNA01,963-MLAST168BB5106MT,"Stock: N/A, Price: $0.39, WARNING: Dielectric mismatch? (Expected X7R)"
C1310,1,1uF,0402,25V,X5R,,GRM155R61E105KE11D,81-GRM155R61E105KE1D,GRM155R61E105KE11D,81-GRM155R61E105KE1D,"Stock: 59665 In Stock, Price: $0.11, WARNING: Voltage mismatch? (Expected 25V)"
C1311,1,1uF,0402,25V,X5R,,GRM155R61E105KE11D,81-GRM155R61E105KE1D,GRM155R61E105KE11D,81-GRM155R61E105KE1D,"Stock: 59665 In Stock, Price: $0.11, WARNING: Voltage mismatch? (Expected 25V)"
C1312,1,220pF,0603,50V,NP0,,C1608C0G1H221F080AA,810-C1608C0G1H221F,C1608C0G1H221F080AA,810-C1608C0G1H221F,"Stock: 4271 In Stock, Price: $0.30"
C1313,1,1uF,0402,25V,X5R,,GRM155R61E105KE11D,81-GRM155R61E105KE1D,GRM155R61E105KE11D,81-GRM155R61E105KE1D,"Stock: 59665 In Stock, Price: $0.11, WARNING: Voltage mismatch? (Expected 25V)"
C1314,1,1uF,0402,25V,X5R,,GRM155R61E105KE11D,81-GRM155R61E105KE1D,GRM155R61E105KE11D,81-GRM155R61E105KE1D,"Stock: 59665 In Stock, Price: $0.11, WARNING: Voltage mismatch? (Expected 25V)"
C1315,1,1uF,0402,25V,X5R,,GRM155R61E105KE11D,81-GRM155R61E105KE1D,GRM155R61E105KE11D,81-GRM155R61E105KE1D,"Stock: 59665 In Stock, Price: $0.11, WARNING: Voltage mismatch? (Expected 25V)"
C1316,1,1nF,0402,25V,X5R,,GRM155R61E105KE11D,81-GRM155R61E105KE1D,GRM155R61E105KE11D,81-GRM155R61E105KE1D,"Stock: 59665 In Stock, Price: $0.11, WARNING: Voltage mismatch? (Expected 25V)"
C1317,1,1uF,0402,25V,X5R,,GRM155R61E105KE11D,81-GRM155R61E105KE1D,GRM155R61E105KE11D,81-GRM155R61E105KE1D,"Stock: 59665 In Stock, Price: $0.11, WARNING: Voltage mismatch? (Expected 25V)"
C1318,1,1uF,0402,25V,X5R,,GRM155R61E105KE11D,81-GRM155R61E105KE1D,GRM155R61E105KE11D,81-GRM155R61E105KE1D,"Stock: 59665 In Stock, Price: $0.11, WARNING: Voltage mismatch? (Expected 25V)"
C1401,1,4.7uF,0805,10V,tant,,298D475X9010M2T,74-298D475X9010M2T,298D475X9010M2T,74-298D475X9010M2T,"Stock: 6346 In Stock, Price: $1.15, WARNING: Footprint mismatch? (Expected 0805)"
C1402,1,1uF,0402,25V,X5R,,GRM155R61E105KE11D,81-GRM155R61E105KE1D,GRM155R61E105KE11D,81-GRM155R61E105KE1D,"Stock: 59665 In Stock, Price: $0.11, WARNING: Voltage mismatch? (Expected 25V)"
C1403,1,100nF,0603,50V,X7R,,C0805F104K1RACAUTO,80-C0805F104K1RAUTO,C0805F104K1RACAUTO,80-C0805F104K1RAUTO,"Stock: 21336 In Stock, Price: $0.22, WARNING: Footprint mismatch? (Expected 0603); Voltage mismatch? (Expected 50V)"
C1404,1,4.7uF,0805,10V,tant,,298D475X9010M2T,74-298D475X9010M2T,298D475X9010M2T,74-298D475X9010M2T,"Stock: 6346 In Stock, Price: $1.15, WARNING: Footprint mismatch? (Expected 0805)"
C1405,1,100nF,1206,50V,NP0,,GRM3195C2A104JA01D,81-GRM31C5C2A104JA1L,GRM31C5C2A104JA01L,81-GRM31C5C2A104JA1L,"Stock: 98915 In Stock, Price: $0.51, WARNING: Voltage mismatch? (Expected 50V)"
C1406,1,100nF,0603,50V,X7R,,C0805F104K1RACAUTO,80-C0805F104K1RAUTO,C0805F104K1RACAUTO,80-C0805F104K1RAUTO,"Stock: 21336 In Stock, Price: $0.22, WARNING: Footprint mismatch? (Expected 0603); Voltage mismatch? (Expected 50V)"
C1407,1,100nF,1206,50V,NP0,,GRM3195C2A104JA01D,81-GRM31C5C2A104JA1L,GRM31C5C2A104JA01L,81-GRM31C5C2A104JA1L,"Stock: 98915 In Stock, Price: $0.51, WARNING: Voltage mismatch? (Expected 50V)"
C1408,1,100nF,0603,50V,X7R,,C0805F104K1RACAUTO,80-C0805F104K1RAUTO,C0805F104K1RACAUTO,80-C0805F104K1RAUTO,"Stock: 21336 In Stock, Price: $0.22, WARNING: Footprint mismatch? (Expected 0603); Voltage mismatch? (Expected 50V)"
C1409,1,4.7uF,0805,10V,tant,,298D475X9010M2T,74-298D475X9010M2T,298D475X9010M2T,74-298D475X9010M2T,"Stock: 6346 In Stock, Price: $1.15, WARNING: Footprint mismatch? (Expected 0805)"
C1410,1,100nF,0603,50V,X7R,,C0805F104K1RACAUTO,80-C0805F104K1RAUTO,C0805F104K1RACAUTO,80-C0805F104K1RAUTO,"Stock: 21336 In Stock, Price: $0.22, WARNING: Footprint mismatch? (Expected 0603); Voltage mismatch? (Expected 50V)"
C1411,1,10uF,0603,25V,X7R,,81-GXT155R71E223KE1D,963-MLAST168BB5106MT,MLAST168BB5106MTNA01,963-MLAST168BB5106MT,"Stock: N/A, Price: $0.39, WARNING: Dielectric mismatch? (Expected X7R)"
C1412,1,1uF,0402,25V,X5R,,GRM155R61E105KE11D,81-GRM155R61E105KE1D,GRM155R61E105KE11D,81-GRM155R61E105KE1D,"Stock: 59665 In Stock, Price: $0.11, WARNING: Voltage mismatch? (Expected 25V)"
C1413,1,100nF,0603,50V,X7R,,C0805F104K1RACAUTO,80-C0805F104K1RAUTO,C0805F104K1RACAUTO,80-C0805F104K1RAUTO,"Stock: 21336 In Stock, Price: $0.22, WARNING: Footprint mismatch? (Expected 0603); Voltage mismatch? (Expected 50V)"
C1414,1,8pF,0603,50V,NP0,,CGA3E2C0G1H080D080AA,810-CGA3E2C0G1H080D,CGA3E2C0G1H080D080AA,810-CGA3E2C0G1H080D,"Stock: 61594 In Stock, Price: $0.14"
C1415,1,100nF,0603,50V,X7R,,C0805F104K1RACAUTO,80-C0805F104K1RAUTO,C0805F104K1RACAUTO,80-C0805F104K1RAUTO,"Stock: 21336 In Stock, Price: $0.22, WARNING: Footprint mismatch? (Expected 0603); Voltage mismatch? (Expected 50V)"
C1416,1,10nF,0603,25V,X7R,,GCM1885C2A103JE02J,81-GCM1885C2A103JE2J ,GCM1885C2A103JE02J,81-GCM1885C2A103JE2J,"Stock: 7461 In Stock, Price: $0.19, WARNING: Voltage mismatch? (Expected 25V); Dielectric mismatch? (Expected X7R)"
C1417,1,100nF,0603,50V,X7R,,C0805F104K1RACAUTO,80-C0805F104K1RAUTO,C0805F104K1RACAUTO,80-C0805F104K1RAUTO,"Stock: 21336 In Stock, Price: $0.22, WARNING: Footprint mismatch? (Expected 0603); Voltage mismatch? (Expected 50V)"
C1418,1,150pF,0603,50V,NP0,,06033A151FAT2A,581-06033A151FAT2A,06033A151FAT2A,581-06033A151FAT2A,"Stock: N/A, Price: $0.16, WARNING: Footprint mismatch? (Expected 0603); Voltage mismatch? (Expected 50V); Dielectric mismatch? (Expected NP0)"
C1419,1,150pF,0603,50V,NP0,,06033A151FAT2A,581-06033A151FAT2A,06033A151FAT2A,581-06033A151FAT2A,"Stock: N/A, Price: $0.16, WARNING: Footprint mismatch? (Expected 0603); Voltage mismatch? (Expected 50V); Dielectric mismatch? (Expected NP0)"
C1420,1,10nF,0603,25V,X7R,,GCM1885C2A103JE02J,81-GCM1885C2A103JE2J ,GCM1885C2A103JE02J,81-GCM1885C2A103JE2J,"Stock: 7461 In Stock, Price: $0.19, WARNING: Voltage mismatch? (Expected 25V); Dielectric mismatch? (Expected X7R)"
C1421,1,10nF,0603,25V,X7R,,GCM1885C2A103JE02J,81-GCM1885C2A103JE2J ,GCM1885C2A103JE02J,81-GCM1885C2A103JE2J,"Stock: 7461 In Stock, Price: $0.19, WARNING: Voltage mismatch? (Expected 25V); Dielectric mismatch? (Expected X7R)"
C1422,1,3.3nF,0603,25V,NP0,,C1608C0G1H332J080AE,810-C1608C0G1H332J08,C1608C0G1H332J080AE,810-C1608C0G1H332J08,"Stock: 8185 In Stock, Price: $0.25, WARNING: Voltage mismatch? (Expected 25V)"
C1423,1,3.3nF,0603,25V,NP0,,C1608C0G1H332J080AE,810-C1608C0G1H332J08,C1608C0G1H332J080AE,810-C1608C0G1H332J08,"Stock: 8185 In Stock, Price: $0.25, WARNING: Voltage mismatch? (Expected 25V)"
C1424,1,100nF,0603,50V,X7R,,C0805F104K1RACAUTO,80-C0805F104K1RAUTO,C0805F104K1RACAUTO,80-C0805F104K1RAUTO,"Stock: 21336 In Stock, Price: $0.22, WARNING: Footprint mismatch? (Expected 0603); Voltage mismatch? (Expected 50V)"
C1425,1,1nF,0603,50V,NP0,,C1608C0G1H102J080AA,810-C1608C0G1H102J,C1608C0G1H102J080AA,810-C1608C0G1H102J,"Stock: 190791 In Stock, Price: $0.13"
C1426,1,100nF,0603,50V,X7R,,C0805F104K1RACAUTO,80-C0805F104K1RAUTO,C0805F104K1RACAUTO,80-C0805F104K1RAUTO,"Stock: 21336 In Stock, Price: $0.22, WARNING: Footprint mismatch? (Expected 0603); Voltage mismatch? (Expected 50V)"
C1427,1,10nF,0603,25V,X7R,,GCM1885C2A103JE02J,81-GCM1885C2A103JE2J,GCM1885C2A103JE02J,81-GCM1885C2A103JE2J,"Stock: 7461 In Stock, Price: $0.19, WARNING: Voltage mismatch? (Expected 25V); Dielectric mismatch? (Expected X7R)"
C1501,1,100nF,1206,50V,NP0,,GRM3195C2A104JA01D,81-GRM31C5C2A104JA1L,GRM31C5C2A104JA01L,81-GRM31C5C2A104JA1L,"Stock: 98915 In Stock, Price: $0.51, WARNING: Voltage mismatch? (Expected 50V)"
C1502,1,100nF,1206,50V,NP0,,GRM3195C2A104JA01D,81-GRM31C5C2A104JA1L,GRM31C5C2A104JA01L,81-GRM31C5C2A104JA1L,"Stock: 98915 In Stock, Price: $0.51, WARNING: Voltage mismatch? (Expected 50V)"
C1503,1,100nF,0603,50V,X7R,,C0805F104K1RACAUTO,80-C0805F104K1RAUTO,C0805F104K1RACAUTO,80-C0805F104K1RAUTO,"Stock: 21336 In Stock, Price: $0.22, WARNING: Footprint mismatch? (Expected 0603); Voltage mismatch? (Expected 50V)"
C1504,1,10uF,0603,25V,X7R,,81-GXT155R71E223KE1D,963-MLAST168BB5106MT,MLAST168BB5106MTNA01,963-MLAST168BB5106MT,"Stock: N/A, Price: $0.39, WARNING: Dielectric mismatch? (Expected X7R)"
C1505,1,1uF,0402,25V,X5R,,GRM155R61E105KE11D,81-GRM155R61E105KE1D,GRM155R61E105KE11D,81-GRM155R61E105KE1D,"Stock: 59665 In Stock, Price: $0.11, WARNING: Voltage mismatch? (Expected 25V)"
C1506,1,100nF,0603,50V,X7R,,C0805F104K1RACAUTO,80-C0805F104K1RAUTO,C0805F104K1RACAUTO,80-C0805F104K1RAUTO,"Stock: 21336 In Stock, Price: $0.22, WARNING: Footprint mismatch? (Expected 0603); Voltage mismatch? (Expected 50V)"
C1507,1,150pF,0603,50V,NP0,,06033A151FAT2A,581-06033A151FAT2A,06033A151FAT2A,581-06033A151FAT2A,"Stock: N/A, Price: $0.16, WARNING: Footprint mismatch? (Expected 0603); Voltage mismatch? (Expected 50V); Dielectric mismatch? (Expected NP0)"
C1508,1,150pF,0603,50V,NP0,,06033A151FAT2A,581-06033A151FAT2A,06033A151FAT2A,581-06033A151FAT2A,"Stock: N/A, Price: $0.16, WARNING: Footprint mismatch? (Expected 0603); Voltage mismatch? (Expected 50V); Dielectric mismatch? (Expected NP0)"
C1509,1,3.3nF,0603,25V,NP0,,C1608C0G1H332J080AE,810-C1608C0G1H332J08,C1608C0G1H332J080AE,810-C1608C0G1H332J08,"Stock: 8185 In Stock, Price: $0.25, WARNING: Voltage mismatch? (Expected 25V)"
C1510,1,3.3nF,0603,25V,NP0,,C1608C0G1H332J080AE,810-C1608C0G1H332J08,C1608C0G1H332J080AE,810-C1608C0G1H332J08,"Stock: 8185 In Stock, Price: $0.25, WARNING: Voltage mismatch? (Expected 25V)"
C1601,1,100nF,1206,50V,NP0,,GRM3195C2A104JA01D,81-GRM31C5C2A104JA1L,GRM31C5C2A104JA01L,81-GRM31C5C2A104JA1L,"Stock: 98915 In Stock, Price: $0.51, WARNING: Voltage mismatch? (Expected 50V)"
C1602,1,100nF,1206,50V,NP0,,GRM3195C2A104JA01D,81-GRM31C5C2A104JA1L,GRM31C5C2A104JA01L,81-GRM31C5C2A104JA1L,"Stock: 98915 In Stock, Price: $0.51, WARNING: Voltage mismatch? (Expected 50V)"
C1603,1,100nF,0603,50V,X7R,,C0805F104K1RACAUTO,80-C0805F104K1RAUTO,C0805F104K1RACAUTO,80-C0805F104K1RAUTO,"Stock: 21336 In Stock, Price: $0.22, WARNING: Footprint mismatch? (Expected 0603); Voltage mismatch? (Expected 50V)"
C1604,1,10uF,0603,25V,X7R,,81-GXT155R71E223KE1D,963-MLAST168BB5106MT,MLAST168BB5106MTNA01,963-MLAST168BB5106MT,"Stock: N/A, Price: $0.39, WARNING: Dielectric mismatch? (Expected X7R)"
C1605,1,1uF,0402,25V,X5R,,GRM155R61E105KE11D,81-GRM155R61E105KE1D,GRM155R61E105KE11D,81-GRM155R61E105KE1D,"Stock: 59665 In Stock, Price: $0.11, WARNING: Voltage mismatch? (Expected 25V)"
C1606,1,100nF,0603,50V,X7R,,C0805F104K1RACAUTO,80-C0805F104K1RAUTO,C0805F104K1RACAUTO,80-C0805F104K1RAUTO,"Stock: 21336 In Stock, Price: $0.22, WARNING: Footprint mismatch? (Expected 0603); Voltage mismatch? (Expected 50V)"
C1607,1,150pF,0603,50V,NP0,,06033A151FAT2A,581-06033A151FAT2A,06033A151FAT2A,581-06033A151FAT2A,"Stock: N/A, Price: $0.16, WARNING: Footprint mismatch? (Expected 0603); Voltage mismatch? (Expected 50V); Dielectric mismatch? (Expected NP0)"
C1608,1,150pF,0603,50V,NP0,,06033A151FAT2A,581-06033A151FAT2A,06033A151FAT2A,581-06033A151FAT2A,"Stock: N/A, Price: $0.16, WARNING: Footprint mismatch? (Expected 0603); Voltage mismatch? (Expected 50V); Dielectric mismatch? (Expected NP0)"
C1609,1,3.3nF,0603,25V,NP0,,C1608C0G1H332J080AE,810-C1608C0G1H332J08,C1608C0G1H332J080AE,810-C1608C0G1H332J08,"Stock: 8185 In Stock, Price: $0.25, WARNING: Voltage mismatch? (Expected 25V)"
C1610,1,3.3nF,0603,25V,NP0,,C1608C0G1H332J080AE,810-C1608C0G1H332J08,C1608C0G1H332J080AE,810-C1608C0G1H332J08,"Stock: 8185 In Stock, Price: $0.25, WARNING: Voltage mismatch? (Expected 25V)"
C1701,1,100nF,1206,50V,NP0,,GRM3195C2A104JA01D,81-GRM31C5C2A104JA1L,GRM31C5C2A104JA01L,81-GRM31C5C2A104JA1L,"Stock: 98915 In Stock, Price: $0.51, WARNING: Voltage mismatch? (Expected 50V)"
C1702,1,100nF,1206,50V,NP0,,GRM3195C2A104JA01D,81-GRM31C5C2A104JA1L,GRM31C5C2A104JA01L,81-GRM31C5C2A104JA1L,"Stock: 98915 In Stock, Price: $0.51, WARNING: Voltage mismatch? (Expected 50V)"
C1703,1,100nF,0603,50V,X7R,,C0805F104K1RACAUTO,80-C0805F104K1RAUTO,C0805F104K1RACAUTO,80-C0805F104K1RAUTO,"Stock: 21336 In Stock, Price: $0.22, WARNING: Footprint mismatch? (Expected 0603); Voltage mismatch? (Expected 50V)"
C1704,1,10uF,0603,25V,X7R,,81-GXT155R71E223KE1D,963-MLAST168BB5106MT,MLAST168BB5106MTNA01,963-MLAST168BB5106MT,"Stock: N/A, Price: $0.39, WARNING: Dielectric mismatch? (Expected X7R)"
C1705,1,1uF,0402,25V,X5R,,GRM155R61E105KE11D,81-GRM155R61E105KE1D,GRM155R61E105KE11D,81-GRM155R61E105KE1D,"Stock: 59665 In Stock, Price: $0.11, WARNING: Voltage mismatch? (Expected 25V)"
C1706,1,100nF,0603,50V,X7R,,C0805F104K1RACAUTO,80-C0805F104K1RAUTO,C0805F104K1RACAUTO,80-C0805F104K1RAUTO,"Stock: 21336 In Stock, Price: $0.22, WARNING: Footprint mismatch? (Expected 0603); Voltage mismatch? (Expected 50V)"
C1707,1,150pF,0603,50V,NP0,,06033A151FAT2A,581-06033A151FAT2A,06033A151FAT2A,581-06033A151FAT2A,"Stock: N/A, Price: $0.16, WARNING: Footprint mismatch? (Expected 0603); Voltage mismatch? (Expected 50V); Dielectric mismatch? (Expected NP0)"
C1708,1,150pF,0603,50V,NP0,,06033A151FAT2A,581-06033A151FAT2A,06033A151FAT2A,581-06033A151FAT2A,"Stock: N/A, Price: $0.16, WARNING: Footprint mismatch? (Expected 0603); Voltage mismatch? (Expected 50V); Dielectric mismatch? (Expected NP0)"
C1709,1,3.3nF,0603,25V,NP0,,C1608C0G1H332J080AE,810-C1608C0G1H332J08,C1608C0G1H332J080AE,810-C1608C0G1H332J08,"Stock: 8185 In Stock, Price: $0.25, WARNING: Voltage mismatch? (Expected 25V)"
C1710,1,3.3nF,0603,25V,NP0,,C1608C0G1H332J080AE,810-C1608C0G1H332J08,C1608C0G1H332J080AE,810-C1608C0G1H332J08,"Stock: 8185 In Stock, Price: $0.25, WARNING: Voltage mismatch? (Expected 25V)"
C1801,1,100nF,1206,50V,NP0,,GRM3195C2A104JA01D,81-GRM31C5C2A104JA1L,GRM31C5C2A104JA01L,81-GRM31C5C2A104JA1L,"Stock: 98915 In Stock, Price: $0.51, WARNING: Voltage mismatch? (Expected 50V)"
C1802,1,100nF,1206,50V,NP0,,GRM3195C2A104JA01D,81-GRM31C5C2A104JA1L,GRM31C5C2A104JA01L,81-GRM31C5C2A104JA1L,"Stock: 98915 In Stock, Price: $0.51, WARNING: Voltage mismatch? (Expected 50V)"
C1803,1,100nF,0603,50V,X7R,,C0805F104K1RACAUTO,80-C0805F104K1RAUTO,C0805F104K1RACAUTO,80-C0805F104K1RAUTO,"Stock: 21336 In Stock, Price: $0.22, WARNING: Footprint mismatch? (Expected 0603); Voltage mismatch? (Expected 50V)"
C1804,1,10uF,0603,25V,X7R,,81-GXT155R71E223KE1D,963-MLAST168BB5106MT,MLAST168BB5106MTNA01,963-MLAST168BB5106MT,"Stock: N/A, Price: $0.39, WARNING: Dielectric mismatch? (Expected X7R)"
C1805,1,1uF,0402,25V,X5R,,GRM155R61E105KE11D,81-GRM155R61E105KE1D,GRM155R61E105KE11D,81-GRM155R61E105KE1D,"Stock: 59665 In Stock, Price: $0.11, WARNING: Voltage mismatch? (Expected 25V)"
C1806,1,100nF,0603,50V,X7R,,C0805F104K1RACAUTO,80-C0805F104K1RAUTO,C0805F104K1RACAUTO,80-C0805F104K1RAUTO,"Stock: 21336 In Stock, Price: $0.22, WARNING: Footprint mismatch? (Expected 0603); Voltage mismatch? (Expected 50V)"
C1807,1,150pF,0603,50V,NP0,,06033A151FAT2A,581-06033A151FAT2A,06033A151FAT2A,581-06033A151FAT2A,"Stock: N/A, Price: $0.16, WARNING: Footprint mismatch? (Expected 0603); Voltage mismatch? (Expected 50V); Dielectric mismatch? (Expected NP0)"
C1808,1,150pF,0603,50V,NP0,,06033A151FAT2A,581-06033A151FAT2A,06033A151FAT2A,581-06033A151FAT2A,"Stock: N/A, Price: $0.16, WARNING: Footprint mismatch? (Expected 0603); Voltage mismatch? (Expected 50V); Dielectric mismatch? (Expected NP0)"
C1809,1,3.3nF,0603,25V,NP0,,C1608C0G1H332J080AE,810-C1608C0G1H332J08,C1608C0G1H332J080AE,810-C1608C0G1H332J08,"Stock: 8185 In Stock, Price: $0.25, WARNING: Voltage mismatch? (Expected 25V)"
C1810,1,3.3nF,0603,25V,NP0,,C1608C0G1H332J080AE,810-C1608C0G1H332J08,C1608C0G1H332J080AE,810-C1608C0G1H332J08,"Stock: 8185 In Stock, Price: $0.25, WARNING: Voltage mismatch? (Expected 25V)"
C1901,1,100nF,1206,50V,NP0,,GRM3195C2A104JA01D,81-GRM31C5C2A104JA1L,GRM31C5C2A104JA01L,81-GRM31C5C2A104JA1L,"Stock: 98915 In Stock, Price: $0.51, WARNING: Voltage mismatch? (Expected 50V)"
C1902,1,100nF,1206,50V,NP0,,GRM3195C2A104JA01D,81-GRM31C5C2A104JA1L,GRM31C5C2A104JA01L,81-GRM31C5C2A104JA1L,"Stock: 98915 In Stock, Price: $0.51, WARNING: Voltage mismatch? (Expected 50V)"
C1903,1,100nF,0603,50V,X7R,,C0805F104K1RACAUTO,80-C0805F104K1RAUTO,C0805F104K1RACAUTO,80-C0805F104K1RAUTO,"Stock: 21336 In Stock, Price: $0.22, WARNING: Footprint mismatch? (Expected 0603); Voltage mismatch? (Expected 50V)"
C1904,1,10uF,0603,25V,X7R,,81-GXT155R71E223KE1D,963-MLAST168BB5106MT,MLAST168BB5106MTNA01,963-MLAST168BB5106MT,"Stock: N/A, Price: $0.39, WARNING: Dielectric mismatch? (Expected X7R)"
C1905,1,1uF,0402,25V,X5R,,GRM155R61E105KE11D,81-GRM155R61E105KE1D,GRM155R61E105KE11D,81-GRM155R61E105KE1D,"Stock: 59665 In Stock, Price: $0.11, WARNING: Voltage mismatch? (Expected 25V)"
C1906,1,100nF,0603,50V,X7R,,C0805F104K1RACAUTO,80-C0805F104K1RAUTO,C0805F104K1RACAUTO,80-C0805F104K1RAUTO,"Stock: 21336 In Stock, Price: $0.22, WARNING: Footprint mismatch? (Expected 0603); Voltage mismatch? (Expected 50V)"
C1907,1,150pF,0603,50V,NP0,,06033A151FAT2A,581-06033A151FAT2A,06033A151FAT2A,581-06033A151FAT2A,"Stock: N/A, Price: $0.16, WARNING: Footprint mismatch? (Expected 0603); Voltage mismatch? (Expected 50V); Dielectric mismatch? (Expected NP0)"
C1908,1,150pF,0603,50V,NP0,,06033A151FAT2A,581-06033A151FAT2A,06033A151FAT2A,581-06033A151FAT2A,"Stock: N/A, Price: $0.16, WARNING: Footprint mismatch? (Expected 0603); Voltage mismatch? (Expected 50V); Dielectric mismatch? (Expected NP0)"
C1909,1,3.3nF,0603,25V,NP0,,C1608C0G1H332J080AE,810-C1608C0G1H332J08,C1608C0G1H332J080AE,810-C1608C0G1H332J08,"Stock: 8185 In Stock, Price: $0.25, WARNING: Voltage mismatch? (Expected 25V)"
C1910,1,3.3nF,0603,25V,NP0,,C1608C0G1H332J080AE,810-C1608C0G1H332J08,C1608C0G1H332J080AE,810-C1608C0G1H332J08,"Stock: 8185 In Stock, Price: $0.25, WARNING: Voltage mismatch? (Expected 25V)"
D101,1,TPD1E0B04DPY,D_SOD-882,,,TPD1E0B04DPY D_SOD-882,,,,,No parts found
D301,1,SP0402B-ELC-01ETG,0402,,,,SP0402B-ELC-01ETG,576-SP0402BELC-01ETG,SP0402B-ELC-01ETG,576-SP0402BELC-01ETG,"Stock: 489207 In Stock, Price: $0.46, WARNING: Footprint mismatch? (Expected 0402)"
D1301,1,SMBJ15A,D_SMB,,,,SMBJ15A,,SMBJ15A,947-SMBJ15A,"Stock: 3668 In Stock, Price: $0.71, WARNING: Footprint mismatch? (Expected D_SMB)"
D1302,1,ESD9B5.0ST5G,D_SOD-923,,,ESD9B5.0ST5G D_SOD-923,,,,,No parts found
D1303,1,ESD9B5.0ST5G,D_SOD-923,,,ESD9B5.0ST5G D_SOD-923,,,,,No parts found
FB201,1,600,0603,,,,MI0603J601R-10,875-MI0603J601R-10,MI0603J601R-10,875-MI0603J601R-10,"Stock: 229160 In Stock, Price: $0.10"
FB301,1,600,0603,,,,MI0603J601R-10,875-MI0603J601R-10,MI0603J601R-10,875-MI0603J601R-10,"Stock: 229160 In Stock, Price: $0.10"
FB302,1,600,0603,,,,MI0603J601R-10,875-MI0603J601R-10,MI0603J601R-10,875-MI0603J601R-10,"Stock: 229160 In Stock, Price: $0.10"
FB1301,1,600,0603,,,,MI0603J601R-10,875-MI0603J601R-10,MI0603J601R-10,875-MI0603J601R-10,"Stock: 229160 In Stock, Price: $0.10"
FB1401,1,600,0603,,,,MI0603J601R-10,875-MI0603J601R-10,MI0603J601R-10,875-MI0603J601R-10,"Stock: 229160 In Stock, Price: $0.10"
GD101,1,350V,GDT3535S1RP,,,,GDT35-35-S1-RP,652-GDT35-35-S1-RP,GDT35-35-S1-RP,652-GDT35-35-S1-RP,"Stock: 1587 In Stock, Price: $1.63, WARNING: Footprint mismatch? (Expected GDT3535S1RP)"
J101,1,SMA,733910083,,,,733910083,,73391-0083,538-73391-0083,"Stock: 4851 In Stock, Price: $7.11, WARNING: Footprint mismatch? (Expected 733910083)"
J201,1,68710814022,68710814022,,,,5034800800,,503480-0800,538-503480-0800,"Stock: 21722 In Stock, Price: $0.80, WARNING: Footprint mismatch? (Expected 68710814022)"
J202,1,FTSH-105-01-L-DV-K,FTSH10501LDVK,,,FTSH-105-01-L-DV-K FTSH10501LDVK,,,FTSH-105-01-L-DV-K,200-FTSH10501LDVK,"Stock: 55187 In Stock, Price: $1.56, WARNING: Footprint mismatch? (Expected FTSH10501LDVK)"
J1301,1,pwr+data,USB_C_Receptacle_HRO_TYPE-C-31-M-12-bursted,,,,TYPE-C-31-M-12,,TYPE-C-31-M-12,,No parts found
L301,1,1.5uH,1210,,,,NLV32T-1R5J-EF,,NLV32T-1R5J-EF,810-NLV32T-1R5J-EF,"Stock: 3334 In Stock, Price: $0.17, WARNING: Footprint mismatch? (Expected 1210)"
L302,1,1.5uH,1210,,,,NLV32T-1R5J-EF,,NLV32T-1R5J-EF,810-NLV32T-1R5J-EF,"Stock: 3334 In Stock, Price: $0.17, WARNING: Footprint mismatch? (Expected 1210)"
L701,1,1.5uH,1210,,,,NLV32T-1R5J-EF,,NLV32T-1R5J-EF,810-NLV32T-1R5J-EF,"Stock: 3334 In Stock, Price: $0.17, WARNING: Footprint mismatch? (Expected 1210)"
L702,1,220nH,1210,,,,NLV32T-2R7J-EF,,NLV32T-2R7J-EF,810-NLV32T-2R7J-EF,"Stock: 5048 In Stock, Price: $0.17, WARNING: Footprint mismatch? (Expected 1210)"
L1301,1,1uH,IND_XGL4030_COC,,,,XGL4030-102MEC,,XGL4030-102MEC,,No parts found
L1302,1,2.2uH,0805,,,2.2uH 0805,,,IMC0805ER2R2J01,70-IMC0805ER2R2J01,"Stock: 3904 In Stock, Price: $0.30, WARNING: Footprint mismatch? (Expected 0805)"
R101,1,100k,0603,,,,ERJ-P08J104V,667-ERJ-P08J104V,ERJ-P08J104V,667-ERJ-P08J104V,"Stock: N/A, Price: $0.15, WARNING: Footprint mismatch? (Expected 0603); Not Thin Film"
R201,1,330,0402,,,Resistor 1% thin film 330 0402,,,CRT0402-FV-3300GLF,652-CRT0402FV3300GLF,"Stock: 7788 In Stock, Price: $0.47"
R202,1,10k,0402,,,Resistor 1% thin film 10k 0402,,,RT0402FRE07110KL,603-RT0402FRE07110KL,"Stock: 131893 In Stock, Price: $0.10, WARNING: Footprint mismatch? (Expected 0402)"
R203,1,22,0402,,,Resistor 1% thin film 22 0402,,,RT0402FRE0722RL,603-RT0402FRE0722RL,"Stock: 18361 In Stock, Price: $0.10, WARNING: Footprint mismatch? (Expected 0402)"
R204,1,22,0402,,,Resistor 1% thin film 22 0402,,,RT0402FRE0722RL,603-RT0402FRE0722RL,"Stock: 18361 In Stock, Price: $0.10, WARNING: Footprint mismatch? (Expected 0402)"
R205,1,22,0402,,,Resistor 1% thin film 22 0402,,,RT0402FRE0722RL,603-RT0402FRE0722RL,"Stock: 18361 In Stock, Price: $0.10, WARNING: Footprint mismatch? (Expected 0402)"
R206,1,22,0402,,,Resistor 1% thin film 22 0402,,,RT0402FRE0722RL,603-RT0402FRE0722RL,"Stock: 18361 In Stock, Price: $0.10, WARNING: Footprint mismatch? (Expected 0402)"
R207,1,22,0402,,,Resistor 1% thin film 22 0402,,,RT0402FRE0722RL,603-RT0402FRE0722RL,"Stock: 18361 In Stock, Price: $0.10, WARNING: Footprint mismatch? (Expected 0402)"
R208,1,22,0402,,,Resistor 1% thin film 22 0402,,,RT0402FRE0722RL,603-RT0402FRE0722RL,"Stock: 18361 In Stock, Price: $0.10, WARNING: Footprint mismatch? (Expected 0402)"
R209,1,22,0402,,,Resistor 1% thin film 22 0402,,,RT0402FRE0722RL,603-RT0402FRE0722RL,"Stock: 18361 In Stock, Price: $0.10, WARNING: Footprint mismatch? (Expected 0402)"
R210,1,22,0402,,,Resistor 1% thin film 22 0402,,,RT0402FRE0722RL,603-RT0402FRE0722RL,"Stock: 18361 In Stock, Price: $0.10, WARNING: Footprint mismatch? (Expected 0402)"
R211,1,22,0402,,,Resistor 1% thin film 22 0402,,,RT0402FRE0722RL,603-RT0402FRE0722RL,"Stock: 18361 In Stock, Price: $0.10, WARNING: Footprint mismatch? (Expected 0402)"
R212,1,22,0402,,,Resistor 1% thin film 22 0402,,,RT0402FRE0722RL,603-RT0402FRE0722RL,"Stock: 18361 In Stock, Price: $0.10, WARNING: Footprint mismatch? (Expected 0402)"
R213,1,22,0402,,,Resistor 1% thin film 22 0402,,,RT0402FRE0722RL,603-RT0402FRE0722RL,"Stock: 18361 In Stock, Price: $0.10, WARNING: Footprint mismatch? (Expected 0402)"
R214,1,10k,0402,,,Resistor 1% thin film 10k 0402,,,RT0402FRE07110KL,603-RT0402FRE07110KL,"Stock: 131893 In Stock, Price: $0.10, WARNING: Footprint mismatch? (Expected 0402)"
R215,1,22.1k,0402,,,Resistor 1% thin film 22.1k 0402,,,RT0402FRD0722K1L,603-RT0402FRD0722K1L,"Stock: 25468 In Stock, Price: $0.17, WARNING: Footprint mismatch? (Expected 0402)"
R216,1,8.06k,0603,,,Resistor 1% thin film 8.06k 0603,,,MCT06030C8061FP500,594-MCT06030C8061FP5,"Stock: 13980 In Stock, Price: $0.16"
R217,1,10k,0402,,,Resistor 1% thin film 10k 0402,,,RT0402FRE07110KL,603-RT0402FRE07110KL,"Stock: 131893 In Stock, Price: $0.10, WARNING: Footprint mismatch? (Expected 0402)"
R218,1,10k,0402,,,Resistor 1% thin film 10k 0402,,,RT0402FRE07110KL,603-RT0402FRE07110KL,"Stock: 131893 In Stock, Price: $0.10, WARNING: Footprint mismatch? (Expected 0402)"
R219,1,10k,0402,,,Resistor 1% thin film 10k 0402,,,RT0402FRE07110KL,603-RT0402FRE07110KL,"Stock: 131893 In Stock, Price: $0.10, WARNING: Footprint mismatch? (Expected 0402)"
R220,1,10k,0402,,,Resistor 1% thin film 10k 0402,,,RT0402FRE07110KL,603-RT0402FRE07110KL,"Stock: 131893 In Stock, Price: $0.10, WARNING: Footprint mismatch? (Expected 0402)"
R301,1,47k,0402,,,Resistor 1% thin film 47k 0402,,,RT0402FRE1347KL,603-RT0402FRE1347KL,"Stock: 38785 In Stock, Price: $0.10, WARNING: Footprint mismatch? (Expected 0402)"
R302,1,47k,0402,,,Resistor 1% thin film 47k 0402,,,RT0402FRE1347KL,603-RT0402FRE1347KL,"Stock: 38785 In Stock, Price: $0.10, WARNING: Footprint mismatch? (Expected 0402)"
R303,1,47k,0402,,,Resistor 1% thin film 47k 0402,,,RT0402FRE1347KL,603-RT0402FRE1347KL,"Stock: 38785 In Stock, Price: $0.10, WARNING: Footprint mismatch? (Expected 0402)"
R304,1,47k,0402,,,Resistor 1% thin film 47k 0402,,,RT0402FRE1347KL,603-RT0402FRE1347KL,"Stock: 38785 In Stock, Price: $0.10, WARNING: Footprint mismatch? (Expected 0402)"
R305,1,47k,0402,,,Resistor 1% thin film 47k 0402,,,RT0402FRE1347KL,603-RT0402FRE1347KL,"Stock: 38785 In Stock, Price: $0.10, WARNING: Footprint mismatch? (Expected 0402)"
R306,1,47k,0402,,,Resistor 1% thin film 47k 0402,,,RT0402FRE1347KL,603-RT0402FRE1347KL,"Stock: 38785 In Stock, Price: $0.10, WARNING: Footprint mismatch? (Expected 0402)"
R307,1,33,0402,,,Resistor 1% thin film 33 0402,,,RT0402FRE0733RL,603-RT0402FRE0733RL,"Stock: N/A, Price: $0.22, WARNING: Footprint mismatch? (Expected 0402)"
R308,1,33,0402,,,Resistor 1% thin film 33 0402,,,RT0402FRE0733RL,603-RT0402FRE0733RL,"Stock: N/A, Price: $0.22, WARNING: Footprint mismatch? (Expected 0402)"
R309,1,22,0402,,,Resistor 1% thin film 22 0402,,,RT0402FRE0722RL,603-RT0402FRE0722RL,"Stock: 18361 In Stock, Price: $0.10, WARNING: Footprint mismatch? (Expected 0402)"
R310,1,22,0402,,,Resistor 1% thin film 22 0402,,,RT0402FRE0722RL,603-RT0402FRE0722RL,"Stock: 18361 In Stock, Price: $0.10, WARNING: Footprint mismatch? (Expected 0402)"
R311,1,22,0402,,,Resistor 1% thin film 22 0402,,,RT0402FRE0722RL,603-RT0402FRE0722RL,"Stock: 18361 In Stock, Price: $0.10, WARNING: Footprint mismatch? (Expected 0402)"
R312,1,22,0402,,,Resistor 1% thin film 22 0402,,,RT0402FRE0722RL,603-RT0402FRE0722RL,"Stock: 18361 In Stock, Price: $0.10, WARNING: Footprint mismatch? (Expected 0402)"
R401,1,10k,0402,,,Resistor 1% thin film 10k 0402,,,RT0402FRE07110KL,603-RT0402FRE07110KL,"Stock: 131893 In Stock, Price: $0.10, WARNING: Footprint mismatch? (Expected 0402)"
R501,1,10k,0402,,,Resistor 1% thin film 10k 0402,,,RT0402FRE07110KL,603-RT0402FRE07110KL,"Stock: 131893 In Stock, Price: $0.10, WARNING: Footprint mismatch? (Expected 0402)"
R601,1,10k,0402,,,Resistor 1% thin film 10k 0402,,,RT0402FRE07110KL,603-RT0402FRE07110KL,"Stock: 131893 In Stock, Price: $0.10, WARNING: Footprint mismatch? (Expected 0402)"
R801,1,34.4,0402,,,Resistor 1% thin film 34.4 0402,,,CRCW06034K42FKTA,71-CRCW0603-4.42K,"Stock: 10721 In Stock, Price: $0.16, WARNING: Footprint mismatch? (Expected 0402); Not Thin Film"
R802,1,562,0402,,,Resistor 1% thin film 562 0402,,,MCS04020C5621FE000,594-MCS04020C5621FE0,"Stock: 5505 In Stock, Price: $0.16"
R803,1,34.4,0402,,,Resistor 1% thin film 34.4 0402,,,CRCW06034K42FKTA,71-CRCW0603-4.42K,"Stock: 10721 In Stock, Price: $0.16, WARNING: Footprint mismatch? (Expected 0402); Not Thin Film"
R901,1,34.4,0402,,,Resistor 1% thin film 34.4 0402,,,CRCW06034K42FKTA,71-CRCW0603-4.42K,"Stock: 10721 In Stock, Price: $0.16, WARNING: Footprint mismatch? (Expected 0402); Not Thin Film"
R902,1,562,0402,,,Resistor 1% thin film 562 0402,,,MCS04020C5621FE000,594-MCS04020C5621FE0,"Stock: 5505 In Stock, Price: $0.16"
R903,1,34.4,0402,,,Resistor 1% thin film 34.4 0402,,,CRCW06034K42FKTA,71-CRCW0603-4.42K,"Stock: 10721 In Stock, Price: $0.16, WARNING: Footprint mismatch? (Expected 0402); Not Thin Film"
R1001,1,34.4,0402,,,Resistor 1% thin film 34.4 0402,,,CRCW06034K42FKTA,71-CRCW0603-4.42K,"Stock: 10721 In Stock, Price: $0.16, WARNING: Footprint mismatch? (Expected 0402); Not Thin Film"
R1002,1,562,0402,,,Resistor 1% thin film 562 0402,,,MCS04020C5621FE000,594-MCS04020C5621FE0,"Stock: 5505 In Stock, Price: $0.16"
R1003,1,34.4,0402,,,Resistor 1% thin film 34.4 0402,,,CRCW06034K42FKTA,71-CRCW0603-4.42K,"Stock: 10721 In Stock, Price: $0.16, WARNING: Footprint mismatch? (Expected 0402); Not Thin Film"
R1101,1,34.4,0402,,,Resistor 1% thin film 34.4 0402,,,CRCW06034K42FKTA,71-CRCW0603-4.42K,"Stock: 10721 In Stock, Price: $0.16, WARNING: Footprint mismatch? (Expected 0402); Not Thin Film"
R1102,1,562,0402,,,Resistor 1% thin film 562 0402,,,MCS04020C5621FE000,594-MCS04020C5621FE0,"Stock: 5505 In Stock, Price: $0.16"
R1103,1,34.4,0402,,,Resistor 1% thin film 34.4 0402,,,CRCW06034K42FKTA,71-CRCW0603-4.42K,"Stock: 10721 In Stock, Price: $0.16, WARNING: Footprint mismatch? (Expected 0402); Not Thin Film"
R1301,1,57.6k,0402,,,Resistor 1% thin film 57.6k 0402,,,RT0402FRE0757K6L,603-RT0402FRE0757K6L,"Stock: 26810 In Stock, Price: $0.10, WARNING: Footprint mismatch? (Expected 0402)"
R1302,1,10k,0402,,,Resistor 1% thin film 10k 0402,,,RT0402FRE07110KL,603-RT0402FRE07110KL,"Stock: 131893 In Stock, Price: $0.10, WARNING: Footprint mismatch? (Expected 0402)"
R1303,1,100k,0402,,,Resistor 1% thin film 100k 0402,,,RT0402FRE13100KL,603-RT0402FRE13100KL,"Stock: 73190 In Stock, Price: $0.10, WARNING: Footprint mismatch? (Expected 0402)"
R1304,1,22.1k,0402,,,Resistor 1% thin film 22.1k 0402,,,RT0402FRD0722K1L,603-RT0402FRD0722K1L,"Stock: 25468 In Stock, Price: $0.17, WARNING: Footprint mismatch? (Expected 0402)"
R1305,1,1k,0603,,,Resistor 1% thin film 1k 0603,,,TNPW06031K00FHTA,71-TNPW06031K00FHTA,"Stock: 5702 In Stock, Price: $0.39"
R1306,1,5.1k,0603,,,Resistor 1% thin film 5.1k 0603,,,TNPW06035K10FHTA,71-TNPW06035K10FHTA,"Stock: 2150 In Stock, Price: $0.39"
R1307,1,5.1k,0603,,,Resistor 1% thin film 5.1k 0603,,,TNPW06035K10FHTA,71-TNPW06035K10FHTA,"Stock: 2150 In Stock, Price: $0.39"
R1308,1,1k,0603,,,Resistor 1% thin film 1k 0603,,,TNPW06031K00FHTA,71-TNPW06031K00FHTA,"Stock: 5702 In Stock, Price: $0.39"
R1401,1,100k,0402,,,Resistor 1% thin film 100k 0402,,,RT0402FRE13100KL,603-RT0402FRE13100KL,"Stock: 73190 In Stock, Price: $0.10, WARNING: Footprint mismatch? (Expected 0402)"
R1402,1,10k,0402,,,Resistor 1% thin film 10k 0402,,,RT0402FRE07110KL,603-RT0402FRE07110KL,"Stock: 131893 In Stock, Price: $0.10, WARNING: Footprint mismatch? (Expected 0402)"
R1403,1,100k,0402,,,Resistor 1% thin film 100k 0402,,,RT0402FRE13100KL,603-RT0402FRE13100KL,"Stock: 73190 In Stock, Price: $0.10, WARNING: Footprint mismatch? (Expected 0402)"
R1404,1,330,0402,,,Resistor 1% thin film 330 0402,,,CRT0402-FV-3300GLF,652-CRT0402FV3300GLF,"Stock: 7788 In Stock, Price: $0.47"
R1405,1,10k,0402,,,Resistor 1% thin film 10k 0402,,,RT0402FRE07110KL,603-RT0402FRE07110KL,"Stock: 131893 In Stock, Price: $0.10, WARNING: Footprint mismatch? (Expected 0402)"
R1406,1,330,0402,,,Resistor 1% thin film 330 0402,,,CRT0402-FV-3300GLF,652-CRT0402FV3300GLF,"Stock: 7788 In Stock, Price: $0.47"
R1407,1,100k,0402,,,Resistor 1% thin film 100k 0402,,,RT0402FRE13100KL,603-RT0402FRE13100KL,"Stock: 73190 In Stock, Price: $0.10, WARNING: Footprint mismatch? (Expected 0402)"
R1408,1,330,0402,,,Resistor 1% thin film 330 0402,,,CRT0402-FV-3300GLF,652-CRT0402FV3300GLF,"Stock: 7788 In Stock, Price: $0.47"
R1409,1,100k,0402,,,Resistor 1% thin film 100k 0402,,,RT0402FRE13100KL,603-RT0402FRE13100KL,"Stock: 73190 In Stock, Price: $0.10, WARNING: Footprint mismatch? (Expected 0402)"
R1410,1,330,0402,,,Resistor 1% thin film 330 0402,,,CRT0402-FV-3300GLF,652-CRT0402FV3300GLF,"Stock: 7788 In Stock, Price: $0.47"
R1411,1,10k,0402,,,Resistor 1% thin film 10k 0402,,,RT0402FRE07110KL,603-RT0402FRE07110KL,"Stock: 131893 In Stock, Price: $0.10, WARNING: Footprint mismatch? (Expected 0402)"
R1412,1,10k,0402,,,Resistor 1% thin film 10k 0402,,,RT0402FRE07110KL,603-RT0402FRE07110KL,"Stock: 131893 In Stock, Price: $0.10, WARNING: Footprint mismatch? (Expected 0402)"
R1413,1,330,0402,,,Resistor 1% thin film 330 0402,,,CRT0402-FV-3300GLF,652-CRT0402FV3300GLF,"Stock: 7788 In Stock, Price: $0.47"
R1414,1,330,0402,,,Resistor 1% thin film 330 0402,,,CRT0402-FV-3300GLF,652-CRT0402FV3300GLF,"Stock: 7788 In Stock, Price: $0.47"
R1501,1,10k,0402,,,Resistor 1% thin film 10k 0402,,,RT0402FRE07110KL,603-RT0402FRE07110KL,"Stock: 131893 In Stock, Price: $0.10, WARNING: Footprint mismatch? (Expected 0402)"
R1502,1,10k,0402,,,Resistor 1% thin film 10k 0402,,,RT0402FRE07110KL,603-RT0402FRE07110KL,"Stock: 131893 In Stock, Price: $0.10, WARNING: Footprint mismatch? (Expected 0402)"
R1503,1,10k,0402,,,Resistor 1% thin film 10k 0402,,,RT0402FRE07110KL,603-RT0402FRE07110KL,"Stock: 131893 In Stock, Price: $0.10, WARNING: Footprint mismatch? (Expected 0402)"
R1504,1,10k,0402,,,Resistor 1% thin film 10k 0402,,,RT0402FRE07110KL,603-RT0402FRE07110KL,"Stock: 131893 In Stock, Price: $0.10, WARNING: Footprint mismatch? (Expected 0402)"
R1505,1,330,0402,,,Resistor 1% thin film 330 0402,,,CRT0402-FV-3300GLF,652-CRT0402FV3300GLF,"Stock: 7788 In Stock, Price: $0.47"
R1506,1,330,0402,,,Resistor 1% thin film 330 0402,,,CRT0402-FV-3300GLF,652-CRT0402FV3300GLF,"Stock: 7788 In Stock, Price: $0.47"
R1601,1,10k,0402,,,Resistor 1% thin film 10k 0402,,,RT0402FRE07110KL,603-RT0402FRE07110KL,"Stock: 131893 In Stock, Price: $0.10, WARNING: Footprint mismatch? (Expected 0402)"
R1602,1,10k,0402,,,Resistor 1% thin film 10k 0402,,,RT0402FRE07110KL,603-RT0402FRE07110KL,"Stock: 131893 In Stock, Price: $0.10, WARNING: Footprint mismatch? (Expected 0402)"
R1603,1,10k,0402,,,Resistor 1% thin film 10k 0402,,,RT0402FRE07110KL,603-RT0402FRE07110KL,"Stock: 131893 In Stock, Price: $0.10, WARNING: Footprint mismatch? (Expected 0402)"
R1604,1,10k,0402,,,Resistor 1% thin film 10k 0402,,,RT0402FRE07110KL,603-RT0402FRE07110KL,"Stock: 131893 In Stock, Price: $0.10, WARNING: Footprint mismatch? (Expected 0402)"
R1605,1,330,0402,,,Resistor 1% thin film 330 0402,,,CRT0402-FV-3300GLF,652-CRT0402FV3300GLF,"Stock: 7788 In Stock, Price: $0.47"
R1606,1,330,0402,,,Resistor 1% thin film 330 0402,,,CRT0402-FV-3300GLF,652-CRT0402FV3300GLF,"Stock: 7788 In Stock, Price: $0.47"
R1701,1,10k,0402,,,Resistor 1% thin film 10k 0402,,,RT0402FRE07110KL,603-RT0402FRE07110KL,"Stock: 131893 In Stock, Price: $0.10, WARNING: Footprint mismatch? (Expected 0402)"
R1702,1,10k,0402,,,Resistor 1% thin film 10k 0402,,,RT0402FRE07110KL,603-RT0402FRE07110KL,"Stock: 131893 In Stock, Price: $0.10, WARNING: Footprint mismatch? (Expected 0402)"
R1703,1,10k,0402,,,Resistor 1% thin film 10k 0402,,,RT0402FRE07110KL,603-RT0402FRE07110KL,"Stock: 131893 In Stock, Price: $0.10, WARNING: Footprint mismatch? (Expected 0402)"
R1704,1,10k,0402,,,Resistor 1% thin film 10k 0402,,,RT0402FRE07110KL,603-RT0402FRE07110KL,"Stock: 131893 In Stock, Price: $0.10, WARNING: Footprint mismatch? (Expected 0402)"
R1705,1,330,0402,,,Resistor 1% thin film 330 0402,,,CRT0402-FV-3300GLF,652-CRT0402FV3300GLF,"Stock: 7788 In Stock, Price: $0.47"
R1706,1,330,0402,,,Resistor 1% thin film 330 0402,,,CRT0402-FV-3300GLF,652-CRT0402FV3300GLF,"Stock: 7788 In Stock, Price: $0.47"
R1801,1,10k,0402,,,Resistor 1% thin film 10k 0402,,,RT0402FRE07110KL,603-RT0402FRE07110KL,"Stock: 131893 In Stock, Price: $0.10, WARNING: Footprint mismatch? (Expected 0402)"
R1802,1,10k,0402,,,Resistor 1% thin film 10k 0402,,,RT0402FRE07110KL,603-RT0402FRE07110KL,"Stock: 131893 In Stock, Price: $0.10, WARNING: Footprint mismatch? (Expected 0402)"
R1803,1,10k,0402,,,Resistor 1% thin film 10k 0402,,,RT0402FRE07110KL,603-RT0402FRE07110KL,"Stock: 131893 In Stock, Price: $0.10, WARNING: Footprint mismatch? (Expected 0402)"
R1804,1,10k,0402,,,Resistor 1% thin film 10k 0402,,,RT0402FRE07110KL,603-RT0402FRE07110KL,"Stock: 131893 In Stock, Price: $0.10, WARNING: Footprint mismatch? (Expected 0402)"
R1805,1,330,0402,,,Resistor 1% thin film 330 0402,,,CRT0402-FV-3300GLF,652-CRT0402FV3300GLF,"Stock: 7788 In Stock, Price: $0.47"
R1806,1,330,0402,,,Resistor 1% thin film 330 0402,,,CRT0402-FV-3300GLF,652-CRT0402FV3300GLF,"Stock: 7788 In Stock, Price: $0.47"
R1901,1,10k,0402,,,Resistor 1% thin film 10k 0402,,,RT0402FRE07110KL,603-RT0402FRE07110KL,"Stock: 131893 In Stock, Price: $0.10, WARNING: Footprint mismatch? (Expected 0402)"
R1902,1,10k,0402,,,Resistor 1% thin film 10k 0402,,,RT0402FRE07110KL,603-RT0402FRE07110KL,"Stock: 131893 In Stock, Price: $0.10, WARNING: Footprint mismatch? (Expected 0402)"
R1903,1,10k,0402,,,Resistor 1% thin film 10k 0402,,,RT0402FRE07110KL,603-RT0402FRE07110KL,"Stock: 131893 In Stock, Price: $0.10, WARNING: Footprint mismatch? (Expected 0402)"
R1904,1,10k,0402,,,Resistor 1% thin film 10k 0402,,,RT0402FRE07110KL,603-RT0402FRE07110KL,"Stock: 131893 In Stock, Price: $0.10, WARNING: Footprint mismatch? (Expected 0402)"
R1905,1,330,0402,,,Resistor 1% thin film 330 0402,,,CRT0402-FV-3300GLF,652-CRT0402FV3300GLF,"Stock: 7788 In Stock, Price: $0.47"
R1906,1,330,0402,,,Resistor 1% thin film 330 0402,,,CRT0402-FV-3300GLF,652-CRT0402FV3300GLF,"Stock: 7788 In Stock, Price: $0.47"
SW201,1,Push button switch,Panasonic_EVQPUK_EVQPUB,,,Push button switch Panasonic_EVQPUK_EVQPUB,,,AV09C7L3D2406E,642-AV09C7L3D2406E,"Stock: 3 In Stock, Price: $132.76, WARNING: Footprint mismatch? (Expected Panasonic_EVQPUK_EVQPUB)"
U201,1,STM32H753VITx,LQFP-100_14x14mm_P0.5mm,,,STM32H753VITx LQFP-100_14x14mm_P0.5mm,,,,,No parts found
U202,1,USB3343,QFN-24-1EP_4x4mm_P0.5mm_EP2.6x2.6mm,,,,USB3343-CP-TR,,USB3343-CP-TR,886-USB3343-CP-TR,"Stock: 1444 In Stock, Price: $1.73, WARNING: Footprint mismatch? (Expected QFN-24-1EP_4x4mm_P0.5mm_EP2.6x2.6mm)"
U301,1,OPA1692IDGK,VSSOP-8_3x3mm_P0.65mm,,,OPA1692IDGK VSSOP-8_3x3mm_P0.65mm,,,,,No parts found
U302,1,AK5578EN,QFN50P900X900X100-65N,,,,AK5578EN,412-AK5578EN,AK5578EN,412-AK5578EN,"Stock: 580 In Stock, Price: $20.64, WARNING: Footprint mismatch? (Expected QFN50P900X900X100-65N)"
U401,1,TS3A4751RUCR,TS3A4751-RUC14,,,TS3A4751RUCR TS3A4751-RUC14,,,,,No parts found
U501,1,TS3A4751RUCR,TS3A4751-RUC14,,,TS3A4751RUCR TS3A4751-RUC14,,,,,No parts found
U601,1,TS3A4751RUCR,TS3A4751-RUC14,,,TS3A4751RUCR TS3A4751-RUC14,,,,,No parts found
U701,1,AS183-92LF,SOT65P220X110-6N,,,,AS183-92LF,873-AS183-92LF,AS183-92LF,873-AS183-92LF,"Stock: 15810 In Stock, Price: $1.88, WARNING: Footprint mismatch? (Expected SOT65P220X110-6N)"
U702,1,AS183-92LF,SOT65P220X110-6N,,,,AS183-92LF,873-AS183-92LF,AS183-92LF,873-AS183-92LF,"Stock: 15810 In Stock, Price: $1.88, WARNING: Footprint mismatch? (Expected SOT65P220X110-6N)"
U703,1,AS183-92LF,SOT65P220X110-6N,,,,AS183-92LF,873-AS183-92LF,AS183-92LF,873-AS183-92LF,"Stock: 15810 In Stock, Price: $1.88, WARNING: Footprint mismatch? (Expected SOT65P220X110-6N)"
U704,1,AS183-92LF,SOT65P220X110-6N,,,,AS183-92LF,873-AS183-92LF,AS183-92LF,873-AS183-92LF,"Stock: 15810 In Stock, Price: $1.88, WARNING: Footprint mismatch? (Expected SOT65P220X110-6N)"
U705,1,AS183-92LF,SOT65P220X110-6N,,,,AS183-92LF,873-AS183-92LF,AS183-92LF,873-AS183-92LF,"Stock: 15810 In Stock, Price: $1.88, WARNING: Footprint mismatch? (Expected SOT65P220X110-6N)"
U706,1,AS183-92LF,SOT65P220X110-6N,,,,AS183-92LF,873-AS183-92LF,AS183-92LF,873-AS183-92LF,"Stock: 15810 In Stock, Price: $1.88, WARNING: Footprint mismatch? (Expected SOT65P220X110-6N)"
U707,1,AS183-92LF,SOT65P220X110-6N,,,,AS183-92LF,873-AS183-92LF,AS183-92LF,873-AS183-92LF,"Stock: 15810 In Stock, Price: $1.88, WARNING: Footprint mismatch? (Expected SOT65P220X110-6N)"
U708,1,AS183-92LF,SOT65P220X110-6N,,,,AS183-92LF,873-AS183-92LF,AS183-92LF,873-AS183-92LF,"Stock: 15810 In Stock, Price: $1.88, WARNING: Footprint mismatch? (Expected SOT65P220X110-6N)"
U709,1,AS183-92LF,SOT65P220X110-6N,,,,AS183-92LF,873-AS183-92LF,AS183-92LF,873-AS183-92LF,"Stock: 15810 In Stock, Price: $1.88, WARNING: Footprint mismatch? (Expected SOT65P220X110-6N)"
U710,1,AS183-92LF,SOT65P220X110-6N,,,,AS183-92LF,873-AS183-92LF,AS183-92LF,873-AS183-92LF,"Stock: 15810 In Stock, Price: $1.88, WARNING: Footprint mismatch? (Expected SOT65P220X110-6N)"
U711,1,AS183-92LF,SOT65P220X110-6N,,,,AS183-92LF,873-AS183-92LF,AS183-92LF,873-AS183-92LF,"Stock: 15810 In Stock, Price: $1.88, WARNING: Footprint mismatch? (Expected SOT65P220X110-6N)"
U712,1,AS183-92LF,SOT65P220X110-6N,,,,AS183-92LF,873-AS183-92LF,AS183-92LF,873-AS183-92LF,"Stock: 15810 In Stock, Price: $1.88, WARNING: Footprint mismatch? (Expected SOT65P220X110-6N)"
U801,1,AS183-92LF,SOT65P220X110-6N,,,,AS183-92LF,873-AS183-92LF,AS183-92LF,873-AS183-92LF,"Stock: 15810 In Stock, Price: $1.88, WARNING: Footprint mismatch? (Expected SOT65P220X110-6N)"
U802,1,AS183-92LF,SOT65P220X110-6N,,,,AS183-92LF,873-AS183-92LF,AS183-92LF,873-AS183-92LF,"Stock: 15810 In Stock, Price: $1.88, WARNING: Footprint mismatch? (Expected SOT65P220X110-6N)"
U901,1,AS183-92LF,SOT65P220X110-6N,,,,AS183-92LF,873-AS183-92LF,AS183-92LF,873-AS183-92LF,"Stock: 15810 In Stock, Price: $1.88, WARNING: Footprint mismatch? (Expected SOT65P220X110-6N)"
U902,1,AS183-92LF,SOT65P220X110-6N,,,,AS183-92LF,873-AS183-92LF,AS183-92LF,873-AS183-92LF,"Stock: 15810 In Stock, Price: $1.88, WARNING: Footprint mismatch? (Expected SOT65P220X110-6N)"
U1001,1,AS183-92LF,SOT65P220X110-6N,,,,AS183-92LF,873-AS183-92LF,AS183-92LF,873-AS183-92LF,"Stock: 15810 In Stock, Price: $1.88, WARNING: Footprint mismatch? (Expected SOT65P220X110-6N)"
U1002,1,AS183-92LF,SOT65P220X110-6N,,,,AS183-92LF,873-AS183-92LF,AS183-92LF,873-AS183-92LF,"Stock: 15810 In Stock, Price: $1.88, WARNING: Footprint mismatch? (Expected SOT65P220X110-6N)"
U1101,1,AS183-92LF,SOT65P220X110-6N,,,,AS183-92LF,873-AS183-92LF,AS183-92LF,873-AS183-92LF,"Stock: 15810 In Stock, Price: $1.88, WARNING: Footprint mismatch? (Expected SOT65P220X110-6N)"
U1102,1,AS183-92LF,SOT65P220X110-6N,,,,AS183-92LF,873-AS183-92LF,AS183-92LF,873-AS183-92LF,"Stock: 15810 In Stock, Price: $1.88, WARNING: Footprint mismatch? (Expected SOT65P220X110-6N)"
U1201,1,STM32C011F4U6TR,QFN50P300X300X60-20N-D,,,,ST STM32C011F4U6TR,,ST STM32C011F4U6TR,,No parts found
U1202,1,STM32C011F4U6TR,QFN50P300X300X60-20N-D,,,,ST STM32C011F4U6TR,,ST STM32C011F4U6TR,,No parts found
U1203,1,STM32C011F4U6TR,QFN50P300X300X60-20N-D,,,,ST STM32C011F4U6TR,,ST STM32C011F4U6TR,,No parts found
U1204,1,STM32C011F4U6TR,QFN50P300X300X60-20N-D,,,,ST STM32C011F4U6TR,,ST STM32C011F4U6TR,,No parts found
U1301,1,LMR51430,SOT-23-6,,,LMR51430 SOT-23-6,,,,,No parts found
U1302,1,TPS61023,SOT-563,,,TPS61023 SOT-563,,,TPS61023DRLT,595-TPS61023DRLT,"Stock: 53450 In Stock, Price: $1.27, WARNING: Footprint mismatch? (Expected SOT-563)"
U1303,1,TPS7A2050PDBVR,DBV0005A-MFG,,,TPS7A2050PDBVR DBV0005A-MFG,,,,,No parts found
U1304,1,TPS22918DBVR,SOT-23-6,,,,TPS22918DBVR,595-TPS22918DBVR,TPS22918DBVR,595-TPS22918DBVR,"Stock: 14237 In Stock, Price: $0.49, WARNING: Footprint mismatch? (Expected SOT-23-6)"
U1305,1,TPS7A2033PDBVR,DBV0005A-MFG,,,TPS7A2033PDBVR DBV0005A-MFG,,,,,No parts found
U1306,1,TPS22918DBVR,SOT-23-6,,,,TPS22918DBVR,595-TPS22918DBVR,TPS22918DBVR,595-TPS22918DBVR,"Stock: 14237 In Stock, Price: $0.49, WARNING: Footprint mismatch? (Expected SOT-23-6)"
U1307,1,TPS74612PQWDRBRQ1,SON65P300X300X100-9N-D,,,,TPS74612PQWDRBRQ1,595-PS74612PQWDRBRQ1,TPS74612PQWDRBRQ1,595-PS74612PQWDRBRQ1,"Stock: 5951 In Stock, Price: $1.16, WARNING: Footprint mismatch? (Expected SON65P300X300X100-9N-D)"
U1401,1,MAX9939AUB+T,21-0061L_MXM,,,MAX9939AUB+T 21-0061L_MXM,,,,,No parts found
U1402,1,ICE40UP5K-SG48I,QFN-48-1EP_7x7mm_P0.5mm_EP5.6x5.6mm,,,ICE40UP5K-SG48I QFN-48-1EP_7x7mm_P0.5mm_EP5.6x5.6mm,,,,,No parts found
U1501,1,MAX9939AUB+T,21-0061L_MXM,,,MAX9939AUB+T 21-0061L_MXM,,,,,No parts found
U1601,1,MAX9939AUB+T,21-0061L_MXM,,,MAX9939AUB+T 21-0061L_MXM,,,,,No parts found
U1701,1,MAX9939AUB+T,21-0061L_MXM,,,MAX9939AUB+T 21-0061L_MXM,,,,,No parts found
U1801,1,MAX9939AUB+T,21-0061L_MXM,,,MAX9939AUB+T 21-0061L_MXM,,,,,No parts found
U1901,1,MAX9939AUB+T,21-0061L_MXM,,,MAX9939AUB+T 21-0061L_MXM,,,,,No parts found
Y201,1,26MHz,Crystal_SMD_2520-4Pin_2.5x2.0mm,,,,E2X260181G01,504-E2X260181G01,E2X260181G01,504-E2X260181G01,"Stock: 200 In Stock, Price: $0.26, WARNING: Footprint mismatch? (Expected Crystal_SMD_2520-4Pin_2.5x2.0mm)"
Y202,1,26MHz,Crystal_SMD_2520-4Pin_2.5x2.0mm,,,,E2X260181G01,504-E2X260181G01,E2X260181G01,504-E2X260181G01,"Stock: 200 In Stock, Price: $0.26, WARNING: Footprint mismatch? (Expected Crystal_SMD_2520-4Pin_2.5x2.0mm)"
Y1401,1,40MHz,ECSTXO201633400TR,,,,ECS-TXO-2016-33-400-TR,520-TXO-2016-33-400T,ECS-TXO-2016-33-400-TR,520-TXO-2016-33-400T,"Stock: 794 In Stock, Price: $2.25, WARNING: Footprint mismatch? (Expected ECSTXO201633400TR)"
