Designator,Mid X,Mid Y,Rotation,Layer
BT101,36.9,20.0,0.0,top
C1001,8.8,80.25,90.0,top
C1002,9.08,70.98,270.0,top
C1003,10.100001,70.98,90.0,top
C1004,8.225001,77.579299,90.0,top
C1005,14.55,78.8343,90.0,top
C1006,9.75,79.1543,90.0,top
C1007,11.550001,70.98,270.0,top
C1008,15.93,74.5,0.0,top
C1009,8.08,72.45,180.0,top
C101,86.45,80.7,270.0,top
C102,82.4,85.3,90.0,top
C103,51.95,72.775,90.0,top
C104,65.85,35.35,270.0,top
C105,65.85,33.05,90.0,top
C106,78.75,34.15,90.0,top
C107,73.62,95.4,0.0,top
C108,73.6,91.5,0.0,top
C1201,26.38,82.05,180.0,top
C1202,25.1,88.77,270.0,top
C1203,27.88,83.33,90.0,top
C1204,28.42,85.6,180.0,top
C1205,23.4,88.77,270.0,top
C1206,17.0,85.55,180.0,top
C1207,29.35,88.12,90.0,top
C1208,29.35,90.04,90.0,top
C1209,29.35,91.96,90.0,top
C1401,32.5,80.12,90.0,top
C1402,32.85,70.9,270.0,top
C1403,33.874999,70.895001,90.0,top
C1404,31.8,77.65,180.0,top
C1405,38.324999,78.755001,90.0,top
C1406,33.524999,79.075001,90.0,top
C1407,35.274999,70.875001,270.0,top
C1408,39.7,74.552,0.0,top
C1409,31.85,72.35,180.0,top
C1501,86.65,32.75,180.0,top
C1502,86.1,27.0,0.0,top
C1503,85.8,28.25,0.0,top
C1504,2.3,78.8,90.0,top
C1505,2.3,72.5,270.0,top
C1506,81.44514,32.563609,0.0,top
C1507,81.44514,31.053609,0.0,top
C1508,79.22,23.4,0.0,top
C1509,40.748112,29.980001,0.0,top
C1510,42.948112,30.380001,90.0,top
C1511,30.888112,28.980001,180.0,top
C1512,33.75,28.1,180.0,top
C1513,35.188112,27.660001,270.0,top
C1514,23.25,47.45,180.0,top
C1515,25.72,47.45,0.0,top
C1516,24.5,60.1,90.0,top
C1517,90.9,21.8,0.0,top
C201,16.25,12.87,90.0,top
C202,8.35,18.9,180.0,top
C203,9.5,22.25,180.0,top
C204,48.4,12.1,180.0,top
C205,48.4,15.6,180.0,top
C206,82.3,11.375,0.0,top
C207,83.975,12.65,180.0,top
C208,76.7,16.15,270.0,top
C209,77.9,15.575,90.0,top
C210,48.95,6.95,270.0,top
C211,52.7,6.95,270.0,top
C212,50.85,8.0,270.0,top
C213,83.35,19.875,270.0,top
C214,78.4,7.405,270.0,top
C215,50.4,9.5,180.0,top
C216,51.375,10.8,180.0,top
C217,79.17,20.55,0.0,top
C218,81.975,20.925,90.0,top
C219,68.5,5.98,270.0,top
C220,73.5,20.7,0.0,top
C221,72.503057,6.0,270.0,top
C222,71.5,6.0,270.0,top
C223,70.496943,6.0,270.0,top
C224,69.493886,6.0,270.0,top
C225,56.55,23.95,90.0,top
C226,52.400829,16.3,180.0,top
C227,53.125,17.6,180.0,top
C228,74.525,24.0,0.0,top
C229,58.0,4.925,270.0,top
C230,52.55,19.2,180.0,top
C231,74.515829,22.475,0.0,top
C232,53.95,4.075,180.0,top
C233,53.975,27.55,180.0,top
C301,73.22,69.7,180.0,top
C302,56.12,67.35,0.0,top
C303,52.4,81.05,180.0,top
C304,57.9,64.85,180.0,top
C305,61.5025,59.205,0.0,top
C306,71.9475,68.545,0.0,top
C307,76.45,83.2,180.0,top
C308,72.72,83.2,180.0,top
C309,69.15,83.2,180.0,top
C310,65.2,83.2,180.0,top
C311,81.2,65.4,0.0,top
C312,77.4,60.88,90.0,top
C313,66.1,58.55,180.0,top
C314,58.1925,55.75,180.0,top
C315,63.05,56.45,90.0,top
C316,80.55,51.4,90.0,top
C317,58.8547,79.4346,270.0,top
C801,40.166499,35.538644,90.0,top
C802,39.166499,35.538644,90.0,top
C803,29.184999,58.142859,90.0,top
C804,40.286499,38.018644,0.0,top
C805,41.27,37.05,0.0,top
C806,42.984999,45.457145,270.0,top
C807,42.52,42.1,180.0,top
C808,33.35,35.5,270.0,top
C809,34.366499,35.498644,270.0,top
C810,41.984999,45.457145,270.0,top
C811,38.166499,35.218644,270.0,top
C812,38.425,33.35,0.0,top
C813,40.214999,42.317145,90.0,top
C814,40.304999,40.037145,0.0,top
C815,35.284999,53.065716,180.0,top
C816,40.266499,39.018644,180.0,top
C817,36.384999,50.922859,180.0,top
C818,25.934999,52.84,90.0,top
C819,39.434999,48.317145,270.0,top
C820,36.4,61.7,180.0,top
C821,38.92,45.0,180.0,top
C822,28.15,66.15,270.0,top
C823,35.284999,57.35143,180.0,top
C824,38.414999,48.317145,270.0,top
C825,26.25,56.125,270.0,top
C826,35.3,59.55,180.0,top
C827,37.714999,42.657145,90.0,top
C828,38.984999,42.657145,90.0,top
C829,36.384999,55.208573,180.0,top
C830,36.415001,65.5,180.0,top
C831,35.584999,48.317145,270.0,top
C832,35.3,67.5,180.0,top
C833,35.1,45.0,180.0,top
C834,34.574999,48.317145,270.0,top
C835,35.114999,42.637145,90.0,top
C836,36.384999,42.657145,90.0,top
C837,39.25,65.7,270.0,top
C838,32.184999,45.717145,270.0,top
C839,31.709999,42.4,180.0,top
C840,31.174999,45.717145,270.0,top
C841,32.964999,40.737145,180.0,top
C842,33.854999,42.257145,90.0,top
C843,27.035001,59.44,90.0,top
C844,39.263914,55.106086,270.0,top
C845,27.37,62.725,270.0,top
C901,15.8565,35.483642,90.0,top
C902,14.8565,35.483642,90.0,top
C903,4.875,58.087857,90.0,top
C904,15.9765,37.963642,0.0,top
C905,16.67,37.0,0.0,top
C906,18.675,45.402143,270.0,top
C907,18.15,42.05,180.0,top
C908,9.05,35.45,270.0,top
C909,10.0565,35.443642,270.0,top
C910,17.675,45.402143,270.0,top
C911,13.8565,35.163642,270.0,top
C912,13.9,33.5,0.0,top
C913,15.905,42.262143,90.0,top
C914,15.995,39.982143,0.0,top
C915,10.975,53.010714,180.0,top
C916,15.9565,38.963642,180.0,top
C917,12.075,50.867857,180.0,top
C918,22.034999,52.815,90.0,top
C919,15.075,48.262143,270.0,top
C920,12.090001,61.644998,180.0,top
C921,14.6,44.95,180.0,top
C922,3.840001,66.094998,270.0,top
C923,10.975,57.296428,180.0,top
C924,14.055,48.262143,270.0,top
C925,22.35,56.1,270.0,top
C926,10.990001,59.494998,180.0,top
C927,13.405,42.602143,90.0,top
C928,14.675,42.602143,90.0,top
C929,12.075,55.153571,180.0,top
C930,12.105002,65.444998,180.0,top
C931,11.275,48.262143,270.0,top
C932,10.990001,67.444998,180.0,top
C933,10.8,44.95,180.0,top
C934,10.265,48.262143,270.0,top
C935,10.805,42.582143,90.0,top
C936,12.075,42.602143,90.0,top
C937,14.940001,65.644998,270.0,top
C938,7.875,45.662143,270.0,top
C939,7.4,42.35,180.0,top
C940,6.865,45.662143,270.0,top
C941,8.655,40.682143,180.0,top
C942,9.545,42.202143,90.0,top
C943,20.665001,59.415,90.0,top
C944,14.953915,55.051084,270.0,top
C945,21.0,62.7,270.0,top
D101,85.65,83.95,90.0,top
D102,49.75,74.2,0.0,top
D1501,87.15,4.15,180.0,top
D1502,87.725,20.15,270.0,top
D1503,89.225,8.0225,90.0,top
D201,3.145,35.36,0.0,top
FB1501,31.124249,36.446394,90.0,top
FB201,53.97,6.95,90.0,top
GD101,92.95,83.9,0.0,top
J101,94.332,74.6,180.0,top
J102,94.332,36.71,180.0,top
J1501,93.975,15.58,90.0,top
J201,5.0,20.630975,270.0,top
J202,11.52,13.120975,180.0,top
L101,79.8,35.85,0.0,top
L1501,81.6875,29.4,180.0,top
L1502,27.35,41.95,180.0,top
L305,79.4,79.4,270.0,top
L306,73.4625,86.8,0.0,top
L307,69.1,78.9,270.0,top
R1001,12.649999,81.1643,270.0,top
R1002,13.549999,79.3,90.0,top
R1003,11.949999,79.1543,90.0,top
R101,84.8,78.74,270.0,top
R1201,20.91,82.3,0.0,top
R1202,28.4,86.65,0.0,top
R1203,30.32,86.65,0.0,top
R1204,32.24,86.65,0.0,top
R1205,34.16,86.65,0.0,top
R1206,36.08,86.65,0.0,top
R1207,33.35,88.19,270.0,top
R1208,32.3,88.19,270.0,top
R1209,31.25,88.19,270.0,top
R1401,36.424999,81.085001,270.0,top
R1402,37.324999,79.195,90.0,top
R1403,35.774999,79.075001,90.0,top
R1501,83.0,27.09,90.0,top
R1502,83.05,25.07,90.0,top
R1503,38.198112,29.890001,90.0,top
R1504,35.678112,29.080001,0.0,top
R1505,31.124249,33.958894,270.0,top
R1506,37.148112,29.890001,270.0,top
R1507,85.0,20.325,270.0,top
R1508,86.473335,8.425,90.0,top
R1509,86.5,20.325,90.0,top
R1510,87.973335,8.425,270.0,top
R201,17.7,8.7,270.0,top
R202,53.74,10.8,0.0,top
R203,53.74,9.75,0.0,top
R204,16.7,7.15,90.0,top
R205,59.5,4.6,270.0,top
R206,74.415,18.1,0.0,top
R207,53.79,22.1,180.0,top
R208,71.7,23.4,90.0,top
R209,4.125,27.95,90.0,top
R210,4.125,30.05,90.0,top
R211,4.125,32.05,90.0,top
R212,74.425,19.15,180.0,top
R213,70.1,25.69,270.0,top
R214,2.9,31.29,90.0,top
R215,1.85,31.65,90.0,top
R216,62.5,5.8,90.0,top
R217,66.7,5.31,270.0,top
R218,82.56,13.7,180.0,top
R219,48.05,10.35,180.0,top
R220,68.1,25.69,270.0,top
R221,81.15,15.75,0.0,top
R222,81.15,14.7,0.0,top
R223,83.1,15.75,0.0,top
R224,83.1,14.7,0.0,top
R225,85.05,14.7,0.0,top
R226,82.0,25.26,270.0,top
R227,21.29,88.75,270.0,top
R228,22.35,88.75,270.0,top
R229,52.625829,24.25,180.0,top
R401,78.25,87.310001,90.0,top
R402,80.35,87.32,270.0,top
R403,79.3,87.32,90.0,top
R501,80.35,96.989999,270.0,top
R502,78.25,96.98,90.0,top
R503,79.3,96.98,270.0,top
R601,84.25,87.310001,90.0,top
R602,86.35,87.32,270.0,top
R603,85.3,87.32,90.0,top
R701,86.35,97.01,270.0,top
R702,84.25,97.0,90.0,top
R703,85.3,97.0,270.0,top
R801,43.034999,43.547145,270.0,top
R802,41.994999,43.547145,270.0,top
R803,26.98,52.81,90.0,top
R804,39.434999,46.437145,270.0,top
R805,38.394999,46.427145,270.0,top
R806,32.933112,39.155002,0.0,top
R807,28.0,54.14,270.0,top
R808,36.343112,35.105002,90.0,top
R809,35.634999,46.437145,270.0,top
R810,34.584999,46.437145,270.0,top
R811,32.234999,43.837145,270.0,top
R812,31.185,43.837144,270.0,top
R813,28.05,59.46,90.0,top
R814,25.7,61.7,90.0,top
R901,18.675,43.492143,270.0,top
R902,17.635,43.492143,270.0,top
R903,23.08,52.785,90.0,top
R904,15.125,46.382143,270.0,top
R905,14.085,46.372143,270.0,top
R906,8.623113,39.1,0.0,top
R907,20.65,54.1,270.0,top
R908,12.033113,35.05,90.0,top
R909,11.325,46.382143,270.0,top
R910,10.275,46.382143,270.0,top
R911,7.925,43.782143,270.0,top
R912,6.875001,43.782142,270.0,top
R913,21.68,59.435,90.0,top
R914,22.65,61.7,90.0,top
SW201,94.55,27.1125,90.0,top
T101,23.834999,74.637143,180.0,top
U1001,11.85,75.0543,180.0,top
U101,70.72395,95.350014,0.0,top
U102,72.3,35.9,0.0,top
U103,70.72395,91.530614,0.0,top
U1201,24.8,85.2,90.0,top
U1401,35.624999,74.975001,180.0,top
U1501,3.275,75.65,90.0,top
U1502,85.8875,30.5,180.0,top
U1503,79.71,26.05,270.0,top
U1504,41.643112,27.805001,0.0,top
U1505,32.583112,31.170001,180.0,top
U201,63.490829,15.7,270.0,top
U202,78.65,11.525,90.0,top
U301,72.6,71.65,180.0,top
U302,60.35,75.05,0.0,top
U303,79.3,83.85,0.0,top
U304,65.05,80.0,270.0,top
U305,68.7,73.85,180.0,top
U306,63.05,71.389536,270.0,top
U307,72.6,74.55,180.0,top
U308,65.4,61.55,180.0,top
U309,61.263025,79.85,180.0,top
U401,77.850001,90.12,90.0,top
U402,80.75,90.125,90.0,top
U501,80.749999,94.18,270.0,top
U502,77.85,94.175,270.0,top
U601,83.850001,90.12,90.0,top
U602,86.75,90.125,90.0,top
U701,86.75,94.2,270.0,top
U702,83.85,94.195,270.0,top
U801,41.944499,53.241858,90.0,top
U802,36.616499,38.887144,180.0,top
U803,30.853999,53.241858,90.0,top
U804,41.944499,63.772858,90.0,top
U805,30.854,63.772858,90.0,top
U901,17.6345,53.186856,90.0,top
U902,12.3065,38.832142,180.0,top
U903,6.544,53.186856,90.0,top
U904,17.6345,63.717856,90.0,top
U905,6.544001,63.717856,90.0,top
Y1201,19.9,84.9,270.0,top
Y201,50.865829,13.875,90.0,top
Y202,80.275,18.475,0.0,top
